feature	Campylobacter	Blastocystis	Methanosphaera	Methanobrevibacter	Bilophila	Desulfovibrio	Pseudomonas	Acinetobacter	Escherichia.Shigella	Klebsiella	Succinivibrio	Haemophilus	Comamonas	Sutterella	Methylophilus	Oxalobacter	Enhydrobacter	Akkermansia	Sphingomonas	Paracoccus	Pyramidobacter	Cloacibacillus	Peptococcus	Eubacterium	Turicibacter	Staphylococcus	Granulicatella	Enterococcus	Gemella	Weissella	Leuconostoc	Ligilactobacillus	Lactobacillus	Limosilactobacillus	Phascolarctobacterium	Acidaminococcus	Mitsuokella	Megamonas	Veillonella	Megasphaera	Allisonella	Dialister	Fusobacterium	Treponema	Victivallis	Thomasclavelia	Erysipelotrichaceae_UCG.003	Catenibacterium	Holdemanella	X.Clostridium._innocuum_group	Holdemania	Solobacterium	Anaeroplasma	Asteroleplasma	UCG.004	Zag_111	Corynebacterium	Lawsonella	Rothia	Kocuria	Schaalia	Scardovia	Bifidobacterium	Actinomyces	F0332	Denitrobacterium	Raoultibacter	Eggerthella	Senegalimassilia	Adlercreutzia	Slackia	Gordonibacter	Collinsella	Parolsenella	Lancefieldella	Olsenella	Tractidigestivibacter	Parvimonas	Peptoniphilus	Family_XIII_UCG.001	Mogibacterium	Family_XIII_AD3011_group	S5.A14a	X.Eubacterium._sulci_group	Anaerococcus	Clostridium	Christensenellaceae_R.7_group	Monoglobus	Defluviitaleaceae_UCG.011	Lachnospiraceae_UCG.010	NK4A214_group	Acutalibacter	DTU089	Ruminococcus	CAG.352	Candidatus_Soleaferrea	Elusimicrobium	Papillibacter	UCG.005	UCG.002	Fournierella	Gemmiger	Ruthenibacterium	Faecalibacterium	Colidextribacter	X.Eubacterium._siraeum_group	Intestinimonas	Flavonifractor	Oscillibacter	UCG.003	UCG.009	Paludicola	Angelakisella	Anaerotruncus	Agathobaculum	UCG.008	GCA.900066575	Coprococcus	X.Eubacterium._ruminantium_group	X.Eubacterium._eligens_group	Anaerobutyricum	Lachnospira	Lachnospiraceae_ND3007_group	Anaerostipes	X.Eubacterium._xylanophilum_group	Lachnospiraceae_UCG.008	Peptostreptococcus	Romboutsia	Terrisporobacter	Intestinibacter	Lactococcus	Streptococcus	X.Eubacterium._ventriosum_group	Prevotellaceae_NK3B31_group	Hoylesella	Leyella	Prevotella	Massiliprevotella	Segatella	Prevotellaceae_UCG.003	Paraprevotella	Lachnospiraceae_NK3A20_group	Howardella	Fusicatenibacter	Lachnoclostridium	Lachnospiraceae_UCG.004	X.Ruminococcus._gnavus_group	Eisenbergiella	X.Ruminococcus._gauvreauii_group	Faecalimonas	Roseburia	Butyribacter	Agathobacter	Faecalicatena	Tyzzerella	Mediterraneibacter	Lachnospiraceae_FCS020_group	Blautia	CAG.56	Porphyromonas	Rikenellaceae_RC9_gut_group	Alistipes	Butyricimonas	Odoribacter	Bacteroides	Parabacteroides	Barnesiella	Butyrivibrio	Lachnospiraceae_NK4A136_group	Enterocloster	Hungatella	Moryella	Lachnoanaerobaculum	Dorea	Oribacterium
ERR9830889	0	0	0	0	0	0	0	19	590	0	0	4	0	0	9	0	0	0	0	0	8	0	0	0	0	10	0	0	0	806	4	1998	411	93	0	0	0	0	2	0	0	803	0	0	0	15	0	0	0	0	0	0	0	234	0	0	12	0	0	9	0	0	24158	4	0	0	0	26	0	0	0	0	1082	0	0	5	0	0	0	0	0	0	0	0	0	68	0	33	0	0	0	23	0	0	0	0	0	0	0	51	0	23	0	2068	0	0	0	0	0	0	0	0	0	0	77	0	0	0	0	1997	37	1969	28	1100	0	0	0	203	0	0	0	200	0	0	0	0	0	5	50926	0	0	0	0	81	35	84	0	0	0	0	307	0	1674	0	0	0	0	535	0	0	0	0	0	0	495	0	0	0	60	55	0	0	0	154	0
ERR9830890	0	0	3	0	5	0	0	2	24	26	0	0	0	36	0	0	0	0	0	0	0	0	17	0	0	0	0	32	0	27	0	1899	0	38	0	0	122	28	6	841	0	273	0	3	0	0	0	456	58	0	0	0	0	0	6	0	2	0	0	0	0	0	9906	0	0	4	0	0	291	52	0	0	215	0	0	149	0	0	0	6	12	0	0	0	0	52	21	0	0	16	39	0	0	285	0	0	0	0	50	209	0	610	0	6614	22	9	11	11	8	65	0	0	0	0	0	26	41	187	0	0	84	658	85	63	0	0	0	249	0	0	0	25	0	590	0	1852	0	0	91987	130	156	0	22	64	95	136	0	0	29	0	1490	0	5045	0	0	0	67	599	0	0	80	0	0	27	412	294	0	0	427	94	0	0	0	380	172
ERR9830891	0	0	0	0	57	0	0	0	5646	1461	398	13	0	425	0	0	0	0	7	0	0	0	0	0	0	0	0	26	0	132	3	32	5	0	0	0	77	0	62	58	29	744	0	0	0	0	88	2285	813	0	0	0	0	0	4	0	9	0	8	0	0	7	7548	72	0	0	0	0	705	306	0	32	1199	0	7	0	0	0	0	0	0	157	0	0	0	20	203	0	39	466	429	48	0	1572	1211	0	0	0	805	3832	116	1663	0	38582	64	54	55	0	13	118	14	0	0	0	219	67	65	1497	3551	219	600	1353	261	252	130	141	0	26	0	9	0	8974	162	514	4	654	2	807	33098	0	69	0	0	409	520	373	0	0	319	107	1269	287	6597	0	0	292	128	3989	375	0	42	48	16	0	599	68	0	0	2614	360	0	0	0	1645	0
ERR9830892	0	0	33	7	7	0	0	0	0	0	122	0	0	312	0	0	0	0	0	0	0	0	13	0	0	0	0	0	0	22	0	653	0	42	0	0	39	0	0	662	7	1681	0	0	0	0	0	814	446	0	0	0	0	808	5	61	0	0	0	0	0	0	7411	6	0	0	0	0	167	44	70	0	379	354	4	0	9	0	0	0	21	18	0	0	0	24	216	60	18	0	73	19	0	1637	391	0	0	0	266	572	145	1088	0	22892	10	0	22	4	0	192	4	0	0	0	283	215	31	535	763	148	409	570	247	0	31	56	0	605	0	0	0	110	64	0	7	0	0	0	58410	0	141	0	41	1327	73	237	0	0	258	0	801	323	7027	0	0	36	156	1605	102	0	0	66	0	6	3444	221	8	0	582	50	0	0	0	383	0
ERR9830893	0	20	675	1196	14	0	0	0	1163	17	14	5	0	494	0	0	0	3565	0	0	0	0	80	2	322	0	0	0	0	42	0	32	40	0	171	0	0	0	162	0	0	384	240	0	0	0	0	480	1310	0	5	0	0	0	3	0	0	0	0	0	22	0	105	0	0	0	0	9	102	152	65	0	454	0	0	0	0	0	0	16	0	272	5	4	0	4547	6932	334	35	27	1287	83	0	520	9395	48	0	28	4948	6290	255	1488	15	13346	116	3971	166	133	72	212	25	35	57	6	0	694	10	852	0	330	270	0	438	895	165	104	46	1161	1005	264	0	401	5	0	0	1002	0	723	7035	0	57	0	120	444	125	270	0	12	390	35	188	0	165	0	0	98	111	2848	0	0	0	48	51	49	3399	883	7	561	6097	50	0	61	0	796	0
ERR9830894	0	0	0	0	40	0	11	0	73	0	0	0	0	110	0	0	0	5459	0	7	0	0	0	0	0	0	10	0	3	59	0	412	0	0	0	36	0	1030	7	583	0	415	46	0	0	28	546	0	0	5	0	0	0	0	0	7	0	0	11	0	72	0	11881	8	0	0	0	0	0	115	0	0	57	0	0	0	0	0	0	0	0	0	0	0	0	17	0	0	0	29	0	7	0	0	0	0	0	0	8	268	0	1897	15	27493	0	0	0	33	0	89	0	0	0	0	480	0	112	78	0	0	220	2284	175	0	0	0	0	0	0	0	0	196	51	0	8	0	33	0	166	0	357	0	0	705	915	1367	0	0	227	22	1826	0	1173	0	53	158	0	2273	0	0	0	1168	0	259	60152	98	91	0	0	384	20	54	2	462	0
ERR9830895	0	0	0	0	0	0	14	0	205	434	13097	74	0	1686	0	0	0	0	0	0	0	0	0	0	0	11	34	0	5	651	7	356	18	0	0	0	59	0	5	33	0	451	0	18867	0	0	70	2378	1126	0	0	131	20	14	41	0	7	0	10	0	0	0	1048	11	0	0	0	0	722	243	179	0	657	246	0	386	0	0	0	0	48	22	0	0	0	1127	14	21	18	0	73	0	0	308	365	0	0	0	126	470	73	171	0	7640	22	15	22	0	0	78	6	0	0	0	139	78	0	1032	119	1724	125	6054	85	87	0	29	0	2689	63	219	134	637	113	173	0	1955	0	282	135470	193	0	55	25	58	51	114	0	0	65	0	1851	25	17912	0	0	255	20	662	17	0	638	0	0	0	94	8	0	221	466	14	0	0	0	816	114
ERR9830896	0	0	0	7	0	0	11	8	68	216	0	57	0	623	0	0	0	0	0	0	0	0	0	0	639	0	0	0	10	263	0	1337	54	0	3	0	120	0	12	266	0	976	0	145	16	0	0	3959	891	0	4	0	0	1459	20	8	15	0	12	18	133	0	24637	17	0	0	0	0	1185	326	184	0	1289	1147	0	0	186	0	0	0	28	10	0	9	0	202	114	0	0	0	35	0	0	63	131	0	376	0	13	233	0	584	0	4821	0	0	0	2	0	0	0	0	0	0	13	0	0	155	52	452	47	1462	29	0	0	36	0	12401	0	68	0	476	12	0	6	256	0	0	149660	0	6	0	78	0	140	78	0	0	28	0	255	0	1167	0	4	105	0	362	0	0	438	15	0	8	129	0	0	0	87	91	0	0	0	655	222
ERR9830897	8	16	332	1099	97	210	2	0	1169	1207	9147	53	1109	1286	0	0	3	0	0	0	6	0	110	3	593	0	0	366	0	49	0	78	10	44	9	0	242	0	104	381	31	521	97	25	157	0	0	777	1363	0	0	15	0	1472	0	2394	0	0	0	40	0	0	2058	74	0	0	0	0	392	0	39	0	1204	0	3	928	0	174	2	33	50	698	0	7	0	3326	2872	255	46	219	840	72	0	1443	1224	0	0	0	3713	4673	71	404	14	7164	112	1172	77	93	71	327	216	0	0	4	88	38	71	305	0	113	80	277	153	584	34	64	91	1202	97	250	57	806	0	0	35	1146	232	2030	33850	0	67	0	0	272	131	390	0	0	59	18	2767	56	467	0	0	60	37	1209	17	0	94	103	8	29	2134	178	380	5821	3403	69	11	21	0	1086	0
ERR9830898	0	0	0	0	0	0	0	6	86	0	23	8	4	43	0	0	0	506	0	0	0	0	4	0	0	5	18	0	0	37	0	0	382	0	0	0	0	878	46	0	0	94	0	0	0	0	4581	1284	5186	0	16	5	0	0	9	0	0	0	0	0	14	0	20095	3	0	0	4	4	179	0	88	0	967	0	8	0	0	0	0	8	0	15	0	0	3	13	64	95	0	106	8	21	0	33	1836	0	0	0	240	359	79	740	10	46322	78	0	0	14	0	107	0	0	0	0	268	170	15	937	0	385	554	161	358	966	0	109	0	12	0	95	0	4866	13	0	0	0	0	0	29298	0	102	0	55	906	184	756	0	0	265	39	11639	0	432	0	0	1360	86	5745	516	0	0	294	10	18	7801	204	262	0	439	128	0	22	0	2057	0
ERR9830899	0	0	15	0	0	0	0	0	6	363	17	127	0	229	0	0	0	0	0	0	0	0	0	0	0	0	0	0	0	256	46	1086	0	0	22	17	765	0	79	1183	0	1604	0	0	0	0	0	1678	376	0	0	5	0	0	6	0	0	0	0	11	42	0	11414	0	0	0	0	0	612	0	124	0	388	0	0	149	0	0	0	8	0	0	0	0	0	71	26	0	3	3	31	14	0	167	0	0	0	0	38	96	0	592	0	8421	13	0	0	0	0	86	0	0	0	0	117	15	35	269	0	545	118	1380	112	134	0	0	0	1939	0	0	36	904	0	0	0	1064	0	0	59691	0	0	0	39	171	209	268	0	0	122	33	439	120	9113	0	0	112	0	1442	0	0	7	0	0	0	18	0	0	0	307	131	0	18	0	714	0
ERR9830900	0	0	5	0	0	43	0	5	18	913	11	64	0	0	0	0	0	32	0	0	0	0	0	2	914	13	0	54	23	155	0	271	8	0	0	0	8	0	37	189	0	213	0	0	4	21	125	0	0	0	0	3	613	6696	31	0	0	0	39	20	86	0	16786	18	0	10	0	35	393	308	0	0	856	0	0	0	0	0	0	0	0	0	0	0	12	37	2870	153	0	39	13	53	0	3147	418	0	0	0	47	307	0	4461	0	21025	21	66	0	35	0	23	0	0	0	0	134	0	0	371	0	1541	110	5943	755	347	0	47	0	3044	0	75	85	559	140	0	0	0	4	0	237	0	0	0	0	298	148	109	0	0	208	0	2023	342	4144	0	0	71	0	664	0	0	0	208	0	0	19195	43	0	0	135	77	0	0	0	111	0
ERR9830901	0	0	0	0	40	0	0	0	30	108	16420	0	0	611	0	0	0	5	0	3	0	0	55	0	5	0	0	0	0	59	0	39	6	0	0	0	0	0	0	0	9	870	15	0	21	0	0	4240	1417	0	0	570	4	1430	31	471	0	0	0	8	0	0	35415	0	0	0	0	0	438	77	143	0	1151	279	0	0	149	0	0	8	0	183	0	0	0	2531	1462	317	25	576	232	46	0	791	8162	0	0	0	776	3295	0	7222	0	49347	68	193	145	36	32	475	25	8	0	0	499	540	74	1768	2884	99	442	1501	604	461	74	83	5	234	0	0	0	0	69	0	0	105	0	1514	30607	0	49	0	0	512	324	365	0	0	357	130	327	737	13384	0	0	194	344	7304	72	0	210	228	50	0	3609	634	2	21	8256	50	0	56	0	3363	0
ERR9830902	0	0	0	0	0	0	0	5	0	55	72	3	0	96	4	0	0	0	0	0	0	0	0	0	0	0	0	0	0	6	4	621	0	0	0	19	172	0	3	302	0	100	0	0	0	14	0	0	0	0	0	0	0	0	0	0	15	0	5	0	10	0	10516	0	0	0	0	22	0	0	0	0	228	0	4	0	0	0	0	0	0	0	0	0	0	0	0	0	0	0	0	7	0	0	884	0	0	0	0	0	0	172	0	14757	0	0	0	0	0	0	0	0	0	0	17	0	0	76	0	0	114	6664	0	119	0	0	0	0	0	0	0	15	0	0	0	0	0	0	80	0	0	0	0	203	37	132	0	0	0	0	3482	0	2993	0	0	0	0	648	0	0	0	2	0	0	46633	249	0	0	0	104	0	0	0	293	0
ERR9830903	0	0	21	18	2	69	0	3	147	141	68	47	0	327	2	15	0	0	0	0	0	0	70	0	182	0	0	16	12	86	3	922	0	0	0	46	487	0	33	550	35	1355	4	0	33	0	0	1171	1083	0	0	250	0	355	154	0	11	0	0	0	71	8	2312	8	0	0	0	0	720	46	241	0	814	2285	0	0	0	0	0	9	3	55	0	0	0	1102	461	501	0	34	503	43	0	745	1920	7	0	0	1365	2395	29	761	0	13902	55	0	93	21	0	133	0	194	0	0	117	0	23	3287	0	1011	329	994	276	110	0	0	0	1625	0	115	2	66	2	134	0	1517	0	527	46137	0	0	0	51	116	72	157	0	0	135	38	2000	322	7323	0	0	74	23	1829	0	0	319	0	11	0	90	0	0	0	934	70	0	0	0	968	635
ERR9830904	0	0	0	0	0	0	3	0	407	69	13	10	0	253	0	0	0	0	0	0	0	0	0	0	32	0	0	0	0	13	0	151	0	0	0	0	0	0	0	0	0	467	0	0	0	0	0	0	0	0	6	3	0	38	0	8	0	0	0	0	0	0	2674	0	0	0	0	0	4	0	0	0	851	0	0	0	0	0	0	2	16	0	0	0	0	179	17	0	0	8	95	13	0	196	0	0	0	0	6	137	0	506	0	15136	18	0	0	4	0	31	0	0	0	0	83	21	21	0	0	111	130	247	56	336	0	0	0	1006	62	56	0	66	0	0	0	0	0	1763	89425	0	0	0	0	218	466	147	16	0	0	0	342	0	5020	0	0	0	31	1479	0	0	0	24	0	0	100	0	0	0	251	55	0	0	7	211	0
ERR9830905	0	0	0	0	0	0	0	0	284	549	0	20	0	629	0	0	0	0	0	0	5	0	0	0	0	0	0	0	12	655	50	3359	133	0	0	193	818	0	11	5643	39	457	0	0	0	0	0	5	0	0	0	0	0	0	0	0	3	0	0	0	0	0	17849	0	0	326	0	8	0	46	0	21	610	0	0	1655	0	0	0	0	0	0	0	0	0	45	0	71	0	0	71	31	0	352	4273	0	0	0	74	144	0	1821	0	15407	0	0	0	14	6	32	0	0	0	0	191	0	105	387	0	1811	298	7674	362	466	31	46	0	195	0	0	181	49	133	0	0	0	0	0	108	0	0	0	0	559	151	136	0	0	198	0	732	0	12789	0	0	266	107	2158	119	0	0	149	0	0	37412	46	96	0	120	127	0	0	0	1265	0
ERR9830906	7	0	120	648	78	467	0	0	601	1180	39	0	52	58	0	14	0	2223	0	0	0	52	187	231	257	0	0	17	73	143	0	0	114	0	382	0	0	0	12	0	0	0	188	0	42	58	0	846	54	6	13	53	0	0	0	2	0	0	0	0	68	0	12153	0	0	0	0	9	0	68	63	7	507	0	6	724	0	26	0	0	22	367	0	5	0	114	9773	240	0	153	4129	268	85	862	2829	47	0	7	379	1420	10	44	397	559	798	100	852	228	184	0	0	20	5	0	513	156	492	32	0	2837	44	673	30	4674	155	4	31	442	37	31	0	142	35	0	0	2628	116	1773	583	0	531	23	0	29	210	143	0	222	0	34	166	452	48	89	0	1806	16	1517	0	0	35	9923	366	323	10897	5631	1553	1292	326	380	136	0	0	182	61
ERR9830907	4	2	9	2	12	5	0	0	334	7502	26	158	12	219	0	0	0	16	0	0	0	0	0	0	185	0	0	22	0	20	0	54	3	0	0	0	123	0	389	67	0	342	0	0	0	0	0	110	383	0	0	82	4	1383	10	0	0	0	0	0	0	0	727	0	0	0	0	0	52	0	11	0	158	2	0	166	63	0	0	0	0	5	0	0	0	331	52	0	0	0	160	0	0	240	418	0	0	0	404	511	22	674	0	12294	7	0	0	0	0	63	0	18	0	0	73	55	0	1166	52	714	74	1359	101	0	146	36	0	298	70	164	0	7857	38	0	0	0	0	0	58399	0	131	0	0	78	269	139	0	0	37	0	6209	430	3545	0	0	359	12	644	55	0	0	79	3	0	415	80	68	529	667	63	0	0	0	261	0
ERR9830908	0	0	0	3	79	0	3	31	68	290	37	0	0	482	3	28	0	12	0	0	0	0	20	0	63	0	0	0	0	35	0	1108	0	0	0	0	524	68	4	576	0	731	0	0	11	0	0	500	2195	0	0	0	0	399	83	560	0	0	0	0	0	0	8925	0	0	0	0	0	156	17	62	19	243	0	0	0	0	0	0	0	0	85	0	0	0	269	452	3349	20	126	573	83	0	161	2548	0	0	9	2056	2463	0	1004	12	34821	79	57	37	27	23	435	6	30	4	0	12	29	377	293	0	342	246	1173	312	102	74	236	0	28	0	0	0	32	0	0	0	0	0	0	2098	0	665	0	0	782	368	460	0	0	214	74	2688	722	10802	0	50	137	35	1897	226	2	0	812	112	10	14574	866	853	0	3101	213	0	18	0	575	0
ERR9830909	2	0	0	0	40	26	0	0	133	0	22	5	69	2013	0	0	0	0	0	0	0	0	0	0	44	0	6	0	0	0	0	2843	0	68	0	0	0	0	0	0	0	2216	36	0	0	0	108	0	311	0	2	259	0	671	214	0	2	0	0	0	0	0	11685	0	0	0	0	0	96	0	23	0	417	55	0	0	0	18	0	0	8	25	3	0	0	58	232	0	0	34	95	0	0	428	0	0	0	0	638	3985	0	531	0	15425	51	28	17	0	12	193	14	9	0	0	95	63	18	165	0	29	122	235	138	255	0	19	13	567	61	16	0	14	41	0	0	3313	176	0	54435	0	0	0	165	36	222	355	0	0	0	33	31	0	5094	0	0	150	10	822	0	41	0	400	32	132	1172	390	31	0	825	202	0	10	0	266	0
ERR9830910	0	0	0	12	31	0	3	11	38	64	33	49	0	831	4	0	4	0	0	0	0	0	10	0	0	0	0	236	0	115	0	1869	117	668	92	0	0	1402	925	492	24	54	0	0	13	15	0	0	7	0	16	0	0	5	5	449	0	0	6	0	22	0	8276	0	0	0	0	8	0	0	0	0	367	0	3	0	0	0	0	0	35	14	0	0	0	0	702	119	9	15	50	13	0	300	304	0	0	7	229	1027	0	1286	0	17213	34	688	16	0	11	94	13	0	0	3	199	0	0	350	5376	1662	326	1006	299	660	465	64	0	25	0	0	0	2549	422	0	0	2301	0	0	59217	0	0	0	0	147	238	609	17	0	0	0	1287	273	2875	0	0	108	44	1115	0	0	0	37	0	29	2746	544	0	360	229	170	0	15	5	1222	5
ERR9830911	0	0	192	310	5	0	0	0	42	0	29	3	0	39	0	0	0	0	0	0	0	0	0	0	0	0	0	0	0	188	0	1487	188	0	0	278	71	0	0	1158	0	538	0	0	38	0	0	2592	478	0	0	14	0	0	0	33	0	0	6	0	0	0	27564	0	0	0	0	0	66	0	26	0	317	0	0	2655	41	0	0	0	68	55	0	0	0	581	847	0	195	0	207	116	0	217	6963	0	0	0	1438	571	0	1881	0	3689	51	1778	68	0	0	33	8	0	12	0	76	0	0	632	176	321	475	81	232	241	0	38	0	55	0	0	0	177	15	0	0	0	0	0	2559	0	46	0	50	327	34	0	0	0	1076	40	968	37	3106	0	0	498	62	1407	17	0	0	182	0	9	157	45	100	0	139	31	0	0	0	871	0
ERR9830912	3	0	0	0	138	0	0	0	32	12	38	0	0	352	0	28	0	1565	0	0	0	0	29	0	0	0	0	16	0	78	0	4729	0	0	0	30	125	0	0	1116	0	166	20	0	60	0	83	617	0	0	11	0	0	0	0	23	0	0	0	0	0	0	34305	0	0	0	0	7	318	16	0	35	502	0	0	0	55	40	0	3	0	198	0	0	0	606	3937	51	33	310	611	36	0	1563	4402	0	0	0	1827	3258	0	5389	16	18960	200	0	123	56	168	392	0	0	0	2	94	0	139	2698	37	0	523	1365	1038	64	358	66	45	2037	0	54	0	49	109	0	0	0	0	0	287	0	0	0	0	1499	327	734	0	18	183	7	2431	835	5190	15	159	106	229	2296	80	0	0	2788	136	116	25952	543	1271	0	443	233	0	8	0	595	0
ERR9830913	0	0	0	0	7	0	0	0	53	239	0	45	0	146	3	0	0	0	0	0	0	0	0	0	24	0	0	16	0	120	0	1189	20	0	0	0	187	0	0	232	9	240	0	0	0	0	233	0	0	0	0	0	0	13	10	0	6	0	0	0	26	0	8914	0	0	9	0	0	422	0	0	17	306	0	0	407	0	0	0	0	0	0	0	0	0	41	54	99	0	0	39	4	0	371	11	0	0	0	74	222	0	543	0	3068	0	0	0	8	0	11	0	0	0	0	102	0	9	757	0	306	76	1293	161	180	0	0	0	102	0	32	0	505	33	0	0	0	0	0	31853	0	43	0	0	50	69	96	0	0	0	21	882	108	4189	0	0	81	73	1059	18	0	0	26	0	5	371	45	24	0	318	62	0	0	0	978	0
ERR9830914	0	0	0	0	135	0	0	0	2881	3240	27	5	0	625	2	44	0	5	0	0	0	0	0	383	0	0	0	54	14	72	23	3576	58	0	0	925	577	0	0	2291	0	969	0	0	78	35	917	0	5084	7	77	170	0	0	0	0	0	0	5	8	0	0	43232	14	5	0	0	44	0	190	0	79	4854	0	0	1094	774	0	6	0	0	1942	0	0	0	122	0	0	0	0	0	191	192	945	3459	0	0	0	0	20	111	0	1257	0	68	0	0	404	93	0	0	0	0	210	426	0	32	532	1131	265	857	345	0	143	0	66	5	39	0	106	12	727	318	0	0	0	301	0	80	0	0	0	0	427	67	0	226	30	183	0	218	0	11373	192	0	1837	0	10634	0	0	0	410	0	6	6262	85	0	0	210	1147	97	0	0	1091	0
ERR9830915	0	0	0	0	0	0	0	0	291	22428	0	47	0	544	5	0	0	0	0	0	0	0	0	0	0	0	78	0	10	0	0	0	0	0	0	0	0	0	2096	0	0	0	1523	0	0	266	0	0	0	0	0	11	0	0	0	3	14	0	0	0	43	0	18168	0	0	0	0	15	0	0	36	0	2483	0	2	0	0	0	0	0	0	0	0	0	0	224	0	0	0	424	0	16	0	0	0	0	0	0	0	0	0	152	0	18593	172	0	0	126	0	0	0	0	0	0	243	0	0	0	0	256	185	71	123	922	0	0	52	27	0	33	0	17844	52	0	0	0	0	0	51	0	0	0	0	1734	222	502	2794	0	0	671	3595	0	988	0	0	797	0	1895	1057	0	0	0	0	0	18648	32	0	0	316	886	0	0	48	442	0
ERR9830916	0	0	0	39	0	0	0	0	24032	4554	28	18	4	338	2	0	0	0	0	0	0	0	14	0	64	0	0	0	28	26	83	0	0	170	0	169	0	257	5	121	39	1503	12	0	35	28	539	0	0	0	0	16	0	484	0	11	0	0	0	0	0	0	6297	0	0	0	0	13	130	61	104	0	1156	0	0	56	121	42	0	6	14	47	4	0	0	17	174	126	35	0	74	22	0	291	197	3	0	0	388	1037	0	1250	0	30635	51	189	0	6	30	96	3	12	20	0	176	433	51	1390	0	697	348	525	140	395	0	15	67	2603	0	0	0	462	0	0	0	807	42	671	26539	0	326	0	22	640	345	197	26	0	537	43	702	0	5975	0	0	27	40	3864	303	0	70	33	46	9	2343	14	0	0	500	121	20	0	0	1445	4
ERR9830917	0	0	0	0	11	0	0	0	0	38	0	278	0	443	0	0	0	3	0	0	0	0	21	0	3	0	0	30	19	72	0	5148	0	112	0	17	0	19	0	73	0	145	37	0	40	4	0	2226	221	0	3	13	0	0	0	0	0	0	0	3	25	0	27326	0	0	0	0	31	0	0	37	0	914	273	0	0	15	0	0	0	0	3	0	0	0	0	254	23	0	42	19	0	0	108	439	0	0	0	97	428	0	795	0	25669	59	176	0	14	22	52	0	0	0	0	133	0	0	520	0	0	264	239	135	455	0	41	0	255	0	0	0	160	14	0	0	1130	0	0	28666	0	0	0	16	203	61	291	0	0	346	45	100	0	1534	0	0	160	37	2143	0	0	0	0	0	8	929	99	0	0	435	58	0	0	0	482	0
ERR9830918	0	76	147	520	166	814	0	12	221	1491	0	61	2397	440	0	12	0	765	0	0	0	0	4	23	0	0	0	0	0	21	0	54	48	17	52	0	0	0	23	0	0	959	5640	0	438	8	42	0	1137	0	0	11	0	3523	14	140	0	0	0	0	0	0	1495	19	0	0	0	25	92	13	39	0	698	0	0	0	25	438	6	46	238	1809	0	0	3	34	4985	237	5	377	766	40	0	292	2474	0	0	0	2506	13213	149	678	9	10423	30	27	265	328	18	1565	164	0	0	7	22	55	46	1110	0	1259	233	151	116	101	0	6	427	82	0	0	0	60	0	118	0	28385	0	5228	4580	457	0	0	10	154	165	219	11	0	76	0	530	26	261	0	0	85	69	1472	12	4878	1516	135	240	247	2691	462	0	376	369	42	86	821	0	287	0
ERR9830919	27	0	41	628	131	360	0	0	19181	0	1994	0	0	193	0	20	2	18231	0	0	0	0	173	53	223	0	0	0	10	143	23	369	0	0	0	0	47	0	0	16	5	435	1329	32	5	0	17	635	294	0	71	243	0	981	0	52	0	3	0	0	29	0	3362	0	0	0	0	0	447	65	66	9	219	0	0	5446	0	3280	13	29	536	3625	0	222	8	380	8806	13	8	1203	1237	2	11	319	28	0	0	0	5509	8679	10	498	31	697	167	190	169	110	168	279	87	0	7	0	49	44	25	1035	324	620	306	269	28	452	33	51	597	21	83	542	22	1585	105	0	0	18682	1341	0	332	0	0	198	47	77	544	291	0	38	526	36	1329	130	223	0	0	130	110	2149	187	1490	0	1198	157	185	12938	391	692	478	1294	548	204	21	0	1193	0
ERR9830920	4	5	0	77	0	146	0	2	144	0	27	44	0	873	0	29	0	0	0	0	0	0	12	0	2	0	86	0	106	0	0	552	0	0	226	0	0	0	10	0	0	11	502	0	10	0	164	0	0	0	0	0	3	5636	112	0	0	0	0	0	10	0	9404	0	0	0	0	0	198	21	25	0	530	0	0	0	0	117	10	9	9	83	3	0	2	201	147	245	16	247	219	41	0	398	1005	0	0	0	832	4117	66	1256	0	7683	107	1263	50	36	63	547	0	45	0	0	158	93	54	479	683	55	330	457	492	615	0	56	36	68	0	27	0	14	0	1859	12	10406	23	7580	24431	0	434	0	0	976	99	356	0	0	209	18	1269	417	5469	0	0	103	61	1168	61	98	0	1272	0	40	5577	284	76	152	1127	60	0	25	0	476	0
ERR9830921	0	0	0	0	0	0	0	0	23	8	0	5	0	686	0	0	0	4	0	0	0	0	0	0	0	0	0	0	0	11	0	2818	0	0	0	0	198	0	0	3529	0	287	0	0	27	0	75	256	537	0	0	0	0	6041	24	0	0	0	0	0	5	0	17757	0	0	0	0	0	134	46	36	0	645	0	0	221	0	0	0	16	0	14	0	0	0	607	488	109	0	20	15	20	0	2488	666	0	0	0	349	543	0	2043	0	19719	91	0	0	0	5	246	0	0	0	0	4	60	73	1761	0	650	188	807	233	250	43	88	0	153	33	528	0	37	0	0	0	0	0	0	75	0	1180	0	29	307	197	494	0	0	26	33	2239	616	6293	0	0	85	187	1324	24	0	0	682	0	38	16943	344	89	0	400	100	0	20	0	534	0
ERR9830922	0	0	0	0	7	0	0	0	343	0	24	25	0	35	0	0	0	0	2	0	0	0	96	0	69	3	0	0	0	0	0	7199	8	0	0	0	28	12	77	16	0	528	0	0	0	2	98	599	9	0	0	0	0	0	29	145	0	0	9	0	0	0	34491	0	0	0	0	2	48	0	115	23	494	0	0	0	0	2	0	4	0	0	0	0	0	0	548	153	6	9	52	167	0	117	204	0	0	0	528	1578	391	3193	7	1814	0	0	26	21	0	194	0	0	0	0	803	17	19	980	0	926	168	396	196	3177	0	54	0	36	33	0	0	425	16	0	0	135	0	0	21804	0	9	0	0	521	131	299	0	0	431	54	677	33	23537	0	0	239	62	2483	0	3	0	6	0	12	36	14	0	0	893	85	0	18	0	927	0
ERR9830923	0	0	0	0	0	0	0	0	0	0	21	0	0	667	0	0	4	0	0	3	0	0	0	0	0	0	0	0	0	0	0	7	0	0	0	0	0	715	0	0	0	0	434	0	0	0	628	17	0	0	0	0	0	0	0	0	4	0	5	0	0	0	6270	0	0	0	0	0	30	0	16	0	0	18	0	0	0	0	0	0	0	0	0	0	0	84	0	207	0	0	0	0	0	11	18	0	0	0	0	0	0	272	0	19037	44	0	0	90	0	0	0	0	0	0	193	15	0	191	0	1157	183	11479	486	952	0	0	0	242	0	0	0	45	135	0	0	12	70	0	48	0	0	0	0	573	442	590	54	0	359	16	4731	2542	5433	0	0	470	0	894	0	0	0	0	0	0	25988	0	0	0	0	94	0	0	0	329	0
ERR9830924	0	0	0	0	0	0	0	0	112	0	28	48	0	693	2	0	3	0	0	0	0	0	0	0	0	0	0	0	0	57	0	27	0	0	0	0	333	0	28	472	0	565	101	0	0	227	0	0	0	19	0	0	0	339	0	0	0	0	5	0	76	0	10821	12	0	0	0	25	289	0	0	0	1025	0	0	0	108	0	0	0	0	6	0	0	0	184	5	229	0	22	0	0	0	2231	3541	0	0	0	226	0	0	993	0	19125	73	76	0	353	0	61	0	0	0	0	271	0	0	84	0	425	507	808	687	493	0	0	8	325	189	886	0	557	118	0	0	0	0	0	58	0	0	0	0	190	115	824	419	0	29	119	6326	0	1821	29	634	0	37	4983	0	0	0	7	0	0	34642	2059	0	0	756	309	0	10	0	303	0
ERR9830925	0	0	0	0	21	0	0	0	66	0	21	3	0	10	0	27	0	0	0	0	0	0	21	0	31	0	0	0	0	0	0	1425	9	0	0	0	0	0	0	116	0	198	0	0	0	0	227	4	1163	0	7	0	0	6	0	130	0	0	0	0	6	0	18454	0	0	0	0	0	122	5	46	5	464	293	0	0	61	0	0	0	0	29	0	0	0	94	674	193	10	7	402	81	0	893	478	0	0	0	853	2231	0	2093	0	21410	17	0	0	0	25	50	0	0	31	0	59	0	19	955	115	165	189	506	181	372	0	44	0	769	0	7	0	39	18	0	0	0	0	0	4286	0	0	0	0	78	340	81	0	0	181	39	643	147	13078	0	0	406	19	1018	80	0	0	35	0	0	175	30	73	1519	274	149	0	44	0	667	0
ERR9830926	0	0	0	0	0	0	73	6	53	208	12813	91	7	78	0	0	8	0	10	6	0	0	0	0	2453	0	0	0	0	6178	17	1026	6	0	0	0	0	0	18	238	0	789	0	0	0	0	42	2951	579	0	0	23	0	61	0	1657	36	4	0	0	78	0	4954	13	0	0	0	0	258	0	83	0	643	282	0	0	103	0	0	0	0	0	0	0	0	1195	27	0	6	0	0	0	0	0	366	0	0	0	44	37	14	263	0	3774	0	15	0	0	0	11	0	0	0	0	46	24	0	79	0	53	0	3260	188	47	0	0	0	21268	120	17	8	983	0	0	0	897	0	157	40344	0	0	0	82	148	112	55	0	0	141	0	91	0	1307	0	0	83	28	701	0	0	45	0	0	0	94	11	0	0	34	0	0	0	3	125	0
ERR9830927	0	0	117	274	19	54	17	7	769	26	4267	3	0	52	0	0	0	4633	0	0	0	0	19	0	236	0	0	42	8	5	0	70	125	0	2	0	0	0	0	10	15	345	0	552	30	0	0	679	973	0	0	559	0	50	2	149	3	0	0	0	72	0	2050	0	0	0	0	0	654	21	94	0	857	88	0	0	0	9	0	6	303	94	5	0	0	2134	3382	341	0	78	353	9	0	379	1384	52	48	0	1731	3817	0	362	347	3229	34	15	66	90	45	82	56	0	0	0	19	0	0	1272	24	549	89	902	100	38	0	21	0	5524	72	133	0	327	121	11	0	3330	0	6909	517	0	0	511	0	61	258	144	0	0	69	121	939	50	10566	10	0	434	33	1659	0	0	366	0	46	17	4147	88	6	11	86	135	0	0	0	406	2253
ERR9830928	0	0	0	0	5	0	0	0	1670	18	11428	18	19	164	0	0	0	7	0	0	0	0	0	0	14	0	0	0	0	0	0	928	0	0	0	7	83	0	0	421	0	265	0	0	0	0	194	0	0	0	0	0	0	0	0	0	0	0	0	0	0	0	6814	0	0	0	0	0	57	0	24	0	267	0	0	333	17	0	0	0	0	6	0	0	0	0	355	27	0	0	42	0	0	251	80	0	0	0	108	264	0	385	0	28251	0	101	0	0	0	112	0	0	0	0	26	0	0	1023	0	396	0	2494	137	0	51	43	0	46	0	0	0	96	54	0	0	0	13724	0	82	0	0	0	0	332	131	160	0	0	69	0	4117	531	7414	0	9	130	64	931	57	0	0	167	0	18	18524	81	0	0	522	69	0	0	0	247	0
ERR9830929	2	0	0	82	7	50	7	0	326	5289	40565	9	9	391	0	0	0	0	0	0	0	0	216	0	121	0	11	0	0	123	0	1839	0	0	0	15	0	0	0	0	0	1214	0	0	179	0	0	4885	1171	0	0	0	0	0	39	4	21	0	0	0	20	0	17855	0	0	0	0	0	904	307	21	0	1218	532	0	5388	0	0	0	25	251	74	0	0	0	648	713	47	0	109	786	89	13	1356	28	0	0	0	1079	2664	0	2033	124	30704	54	6	0	16	0	156	14	0	0	9	341	618	94	2125	0	108	739	5890	287	635	73	77	0	9171	14	190	0	92	552	0	0	1992	0	0	63966	0	133	0	186	450	254	64	0	0	373	65	2620	239	15134	0	0	690	139	2766	36	0	0	583	0	26	5059	135	268	0	559	0	37	26	0	1492	0
ERR9830930	4	0	0	0	0	0	0	0	444	694	0	217	0	36	0	0	0	0	0	0	0	0	21	0	12	0	0	1308	2	83	12	2915	0	18	0	0	130	0	730	292	17	441	0	0	0	0	0	4577	941	0	0	0	0	0	24	0	0	0	5	0	0	0	8590	2	0	0	0	0	57	24	87	0	1215	0	0	0	32	0	0	0	0	31	0	0	0	853	35	0	8	13	17	17	0	86	0	0	0	0	198	387	44	1669	6	12014	22	0	41	29	7	107	0	9	0	0	76	0	0	2124	0	63	516	88	52	108	0	2	0	180	31	60	0	1135	25	0	0	1450	3	0	46833	0	0	117	16	107	76	83	0	0	107	35	638	0	12071	0	0	784	20	903	0	0	97	0	0	0	122	38	0	0	86	27	0	10	0	1283	0
ERR9830931	28	0	0	0	15	20	0	443	171	43	119	15	13	299	0	0	3	0	0	0	0	0	10	0	0	0	0	0	0	81	0	1996	147	8	0	97	491	0	0	689	23	1116	0	0	0	0	0	1509	473	0	0	392	0	91	0	7	3	0	0	0	10	0	4326	11	0	0	0	0	109	0	29	0	395	226	0	200	0	0	0	8	36	0	0	0	0	0	84	0	11	8	218	0	0	346	0	10	0	0	366	697	0	755	9	6845	19	0	14	0	0	97	0	0	0	0	50	0	25	1237	0	130	133	411	37	20	0	39	21	0	0	0	0	123	0	84	0	2144	0	668	86468	0	0	401	24	82	40	99	0	0	65	37	625	0	2997	0	0	30	49	1461	0	0	79	0	0	0	151	0	0	0	283	21	0	20	0	936	411
ERR9830932	0	0	12	5	0	0	0	0	250	838	0	225	7	564	0	0	0	0	0	0	0	0	0	0	0	0	0	16	4	59	17	198	0	0	0	223	1408	0	152	1556	84	4886	0	0	0	0	14	935	104	0	0	0	0	0	10	0	0	0	0	0	0	0	1277	0	0	0	0	0	17	0	7	0	100	28	0	361	0	0	0	12	0	37	0	0	0	499	60	10	7	18	46	16	0	182	31	0	0	0	94	213	38	407	0	7723	51	23	48	0	0	87	0	0	0	0	218	117	47	387	0	168	145	1408	43	70	0	35	0	401	22	90	9	290	0	0	0	3574	0	109	73511	0	16	0	0	82	318	496	0	0	59	17	2792	321	8198	0	0	76	28	925	0	0	145	0	0	0	125	0	0	0	206	71	0	0	0	515	0
ERR9830933	0	0	0	0	0	18	3	0	345	245	28	0	6	409	0	0	0	0	0	0	0	0	0	0	0	0	0	0	0	0	0	699	0	95	0	34	0	0	0	72	18	985	0	0	0	0	0	322	205	0	0	87	0	0	0	0	0	0	0	0	0	0	4191	0	0	0	0	0	72	12	67	0	460	150	0	171	0	0	0	0	5	0	0	0	0	844	59	0	0	0	46	0	0	2053	131	0	0	0	0	37	0	311	0	12655	0	0	0	4	0	129	0	0	0	0	80	77	12	750	0	130	94	503	102	81	0	13	0	102	0	35	0	0	0	0	0	7068	0	0	101170	0	0	0	0	127	416	236	0	0	53	18	1083	20	14914	0	0	71	18	677	13	0	0	13	11	0	459	42	0	0	664	155	0	0	0	354	0
ERR9830934	0	0	0	0	35	0	0	0	790	1131	20	0	11	1128	0	0	0	0	0	0	18	0	0	0	0	0	0	51	0	64	0	654	0	0	0	72	783	29	6	1603	0	1373	0	0	3	0	7	2780	429	0	0	75	0	59	12	25	0	0	0	0	12	0	21315	0	3	0	0	0	95	22	31	0	269	249	0	0	0	0	0	6	0	41	0	0	0	0	111	0	8	24	178	21	0	189	0	0	0	0	401	1203	0	1005	9	7340	22	0	15	9	0	194	0	0	0	0	192	0	83	126	0	165	212	481	282	189	0	0	0	0	0	0	0	57	0	0	0	2112	0	0	106024	0	96	71	0	117	169	293	0	0	137	17	1844	0	1330	0	0	65	101	2009	0	0	1724	81	10	6	561	90	0	0	11130	241	0	13	0	839	0
ERR9830935	2	0	454	994	55	119	0	10	88	89	6653	0	599	601	0	0	0	0	0	27	0	24	235	0	38	0	28	0	780	58	42	1943	0	38	79	0	0	0	0	27	0	304	2007	5	34	27	20	2510	905	0	41	28	42	137	3	0	6	0	0	0	0	0	10348	21	0	0	7	0	516	53	80	0	1731	0	0	14	237	550	2	0	5	545	3	19	3	1871	5556	144	8	487	722	69	0	158	4238	0	0	0	4268	8752	111	583	57	6404	49	202	177	348	0	186	25	33	0	0	44	486	0	665	0	512	86	273	275	215	136	4	487	1959	567	313	34	34	42	0	0	1871	37	0	86	915	62	0	0	232	243	148	0	0	816	0	4408	20	1654	21	0	56	180	4087	0	9999	0	1441	282	112	12533	322	0	1327	3997	67	0	211	13	731	0
ERR9830936	0	0	0	0	0	0	15	11	822	803	4069	128	0	94	0	0	0	343	2	10	0	0	0	49	38	0	0	0	0	61	0	1789	0	13	16	0	3	0	58	583	0	679	0	0	0	121	0	0	6	83	0	6	0	0	0	0	0	10	11	0	39	0	13537	22	6	0	0	52	0	161	0	63	0	0	0	0	0	0	0	0	0	0	0	8	0	2017	0	327	0	0	0	75	0	0	0	0	0	0	0	0	0	0	0	18057	0	0	0	80	0	0	0	0	0	0	0	0	0	0	0	23115	0	0	0	1199	0	0	0	561	66	22	0	480	26	0	0	0	0	0	160	0	0	0	0	114	646	71	1392	0	389	0	1562	0	169	0	262	318	0	3371	0	0	0	0	0	0	6200	33	0	0	0	51	0	0	0	324	0
ERR9830937	0	0	0	0	0	0	0	0	365	2054	57	82	21	751	0	0	0	4	8	0	0	0	0	0	114	0	0	0	0	253	0	13142	0	0	413	0	0	1034	12	0	55	0	0	0	0	0	294	14	1007	0	0	3	0	389	24	30	0	0	20	0	0	0	38181	0	0	0	0	0	894	77	229	0	1605	827	0	0	0	0	0	0	17	30	0	0	4	34	34	0	0	0	26	10	0	164	0	0	0	0	111	356	0	467	0	6574	45	6	0	0	2	179	0	0	0	0	130	0	0	640	0	43	228	909	261	173	0	77	0	333	13	31	63	265	11	0	0	4189	0	0	134351	0	0	0	42	61	152	271	0	0	38	65	1255	0	3804	0	0	126	0	503	0	0	0	3	0	0	604	30	0	0	228	475	0	0	0	832	0
ERR9830938	0	0	0	0	7	120	27	37	526	104	28	117	0	461	19	0	7	13	2	13	0	0	0	0	42	25	132	0	73	1305	0	470	680	0	26	5	0	0	25	10	0	266	20	0	40	0	1409	0	450	0	0	3	502	727	8	6	25	10	107	0	0	7	25890	8	10	0	0	0	1864	109	0	0	539	0	10	0	0	0	0	11	0	0	0	0	0	17	125	109	20	73	0	78	0	5497	651	0	598	0	153	635	0	616	0	3747	56	79	59	7	40	49	5	0	0	0	192	0	37	2010	91	88	181	4110	345	1452	465	33	0	537	0	0	13	1652	73	82	0	7	0	101	387	0	0	0	0	587	125	383	62	0	204	77	942	751	9837	0	49	185	33	2203	0	0	0	571	97	71	15528	326	700	0	1032	69	0	24	0	1413	0
ERR9830939	0	0	0	0	0	0	8	9	82	61	22	300	3	131	5	0	0	0	0	6	0	0	0	0	39	17	23	0	5	65	19	410	14	0	0	0	133	88	14	136	0	274	0	0	0	0	9	373	402	3	0	86	0	19	5	0	5	16	5	0	84	0	9539	27	0	0	0	0	186	28	71	0	264	307	17	0	0	0	0	0	0	0	0	0	0	20	60	41	0	0	21	11	0	49	0	0	0	0	178	217	0	89	0	4311	0	4	0	0	0	97	0	0	0	0	47	0	0	221	0	69	33	1218	123	0	0	0	0	830	0	0	0	222	16	602	0	3760	0	30	73074	0	59	0	0	75	76	131	26	0	0	16	980	0	3520	0	0	96	4	402	0	0	17	0	0	0	118	10	0	0	221	171	0	0	0	356	0
ERR9830940	0	0	0	427	179	0	0	7	114	76	25	0	0	127	0	13	0	2196	0	5	0	0	33	0	809	0	0	0	0	0	0	0	4	0	17	0	0	0	0	0	0	350	12	0	14	0	15	372	12	0	12	23	0	19	7	1052	10	0	0	0	0	0	1011	0	0	0	0	0	102	13	0	0	261	55	0	0	0	0	0	9	0	139	0	0	0	391	2466	849	13	0	150	10	0	923	1504	0	0	0	2578	2999	0	1233	0	2666	74	2202	0	13	57	472	51	0	0	6	144	16	89	1501	111	109	79	45	45	482	0	0	0	921	347	1095	0	22	0	0	0	2847	0	0	79257	0	5	0	0	300	377	231	0	0	0	72	295	31	782	0	0	6	26	1180	0	0	1818	152	31	17	4112	795	0	107	2009	60	0	7	0	1059	0
ERR9830941	6	0	0	0	170	0	9	2	2412	28	23	26	0	0	0	0	0	0	0	133	0	0	0	0	209	0	1386	1311	1090	6	0	674	0	0	1215	0	0	0	71	0	0	0	720	0	0	0	0	0	0	301	0	0	0	0	0	0	7	0	64	0	201	0	24315	32	0	0	112	2323	0	0	0	12	4043	0	0	0	0	516	2	0	0	168	0	0	3	89	0	0	8	17	0	76	0	1527	4074	19	0	0	90	3585	0	2626	168	9223	122	0	0	1352	509	0	0	0	0	0	361	0	13	451	0	1047	1671	1455	177	1026	0	5	203	375	74	37	0	1368	137	0	0	0	0	0	90	0	0	0	0	407	1435	196	378	0	130	0	3268	26	3406	14	0	5371	17	9272	0	0	0	270	88	0	27003	1092	0	0	779	3025	33	0	0	774	0
ERR9830942	0	3	2	9	0	0	5	28	2409	725	15	7	18	701	13	0	0	0	0	0	0	0	0	0	828	0	0	0	16	234	7	305	0	0	0	0	83	0	6	11	8	293	0	0	142	0	8	1064	292	0	0	0	0	0	84	0	0	11	0	9	58	0	421	22	0	0	0	0	332	0	293	0	288	0	0	59	0	17	0	11	36	39	0	0	0	106	185	123	0	94	139	26	0	341	56	17	0	7	638	4700	134	120	11	5751	93	484	21	16	30	111	38	4	0	0	37	25	25	492	328	548	112	1103	74	0	0	64	0	339	48	147	0	67	7	0	0	2922	0	0	52259	0	0	0	13	44	127	98	0	0	59	44	1618	0	3435	0	0	0	34	526	0	12	1189	0	0	23	91	46	0	3012	1647	31	0	28	0	475	0
ERR9830943	12	0	35	26	0	0	0	0	0	0	0	5	0	0	2	0	0	0	0	0	0	0	7	0	2	0	0	0	0	0	0	161	0	0	0	0	61	0	0	368	0	213	0	0	0	0	0	1146	871	0	0	0	0	115	10	134	0	0	0	0	0	0	458	0	0	0	0	0	36	0	9	0	43	14	0	664	0	0	0	0	11	66	0	0	0	208	214	13	8	10	303	19	0	562	1442	0	0	0	303	373	199	445	0	8666	11	0	39	0	0	15	0	0	0	0	110	4	0	312	0	77	99	71	209	76	0	0	0	48	0	0	0	0	0	0	0	395	5	0	18165	0	0	0	0	39	131	42	0	0	228	8	135	51	491	0	0	42	33	1281	0	0	9	6	0	0	32	31	0	0	82	20	0	0	0	501	0
ERR9830944	3	0	0	45	116	226	6	0	488	136	0	88	758	851	0	27	0	41	6	0	81	0	0	0	363	0	12	0	178	17	23	6123	24	185	4	0	0	0	11	0	49	1484	235	0	103	36	10	3719	623	0	6	370	0	1767	3	1408	55	0	8	0	302	10	11695	73	8	0	0	0	961	87	84	0	2149	349	0	17	0	778	0	19	628	556	598	0	0	164	3686	390	17	1377	1194	54	0	1860	1052	0	0	0	5180	13590	64	1280	10	4487	142	194	493	97	108	1154	69	0	7	3	72	51	27	1495	0	86	873	111	48	513	16	0	392	430	388	130	0	402	0	222	0	7009	42	8283	14597	1026	0	0	22	150	73	266	0	0	30	63	520	40	1479	0	0	693	57	1891	4	1731	4520	23	85	159	3836	0	0	1403	712	85	63	1379	0	931	223
ERR9830945	18	0	0	17	16	248	8	5	72	163	16801	242	0	728	0	8	0	371	26	2	0	0	0	0	0	0	20	0	33	422	0	170	69	241	5	0	103	0	268	96	7	494	2486	0	29	0	7	5082	733	0	11	19	0	6	0	685	5	0	18	0	67	19	4385	0	0	0	0	8	421	64	754	7	271	0	9	0	0	135	0	26	0	58	0	0	0	1017	3182	60	33	73	851	116	0	792	721	0	0	0	3863	8428	0	254	0	1200	75	92	52	25	59	289	22	50	9	6	94	0	34	1029	0	166	33	1940	170	1406	399	125	18	320	0	0	0	1441	205	0	0	1490	0	0	28843	180	10	0	6	0	1307	114	190	0	292	0	1268	27	674	0	0	5	27	836	0	0	313	11	15	59	1239	52	11	11126	6352	747	0	13	11	1578	12
ERR9830946	340	7	718	5692	144	373	0	0	329	129	1331	240	389	150	0	15	0	1403	0	0	0	101	51	612	308	0	332	0	214	18	0	138	11	0	57	0	23	0	31	97	0	159	316	0	320	0	7	1321	94	0	12	111	29	51	0	18	0	0	0	0	179	0	3216	7	0	0	0	4	47	25	10	0	1938	16	0	6641	170	121	3	0	149	378	122	0	49	738	8970	143	0	183	483	23	14	678	2526	0	0	13	1265	5540	208	775	716	132	490	327	100	31	40	0	8	21	0	5	8	161	34	417	29	295	0	0	57	97	191	40	0	410	202	38	0	205	0	0	0	8466	18	361	362	0	131	849	66	202	15	55	0	25	0	0	144	0	530	24	0	755	31	1000	0	0	74	2027	246	188	18231	997	944	56	10	73	89	0	0	1259	232
ERR9830947	0	0	0	0	11	0	0	0	7	6	0	10	0	398	0	0	0	133	0	0	0	0	0	0	20	0	0	0	0	221	0	3513	534	16	0	0	474	13	0	1986	0	914	0	0	58	0	0	803	428	0	0	0	0	101	4	239	0	0	0	0	0	0	8593	11	0	0	0	0	186	104	156	0	577	622	0	1527	94	0	0	27	5	74	0	0	0	68	714	316	12	4	421	0	0	1009	0	0	0	0	1023	1760	0	435	0	9719	10	504	34	0	67	54	5	17	0	0	0	0	32	973	0	468	101	1064	179	49	0	93	0	902	0	40	0	33	108	0	0	191	22	0	32176	0	0	115	152	141	130	194	0	0	141	41	345	0	4981	0	0	96	67	1941	39	0	0	211	0	11	2123	51	296	0	2375	163	0	0	0	850	0
ERR9830948	31	18	0	0	75	0	0	8	378	169	20	0	11	473	0	26	0	1036	0	0	0	0	69	23	156	0	178	0	56	0	0	1140	4	0	577	0	0	0	0	5	0	78	1754	0	186	19	301	0	0	0	10	5	0	0	10	0	0	5	0	0	0	0	15069	0	0	0	15	48	778	84	0	99	614	0	0	7	0	307	9	29	0	186	0	0	0	530	2636	388	45	70	155	355	0	6251	1767	12	0	35	5228	3987	0	2277	23	21363	123	985	59	218	125	177	18	9	0	0	101	41	53	725	542	4110	153	2095	741	2219	20	68	648	754	330	252	49	39	260	0	1114	1174	405	0	98	0	0	0	0	198	416	212	0	24	221	19	1132	0	13741	0	16	614	290	5915	62	581	0	1229	171	52	14530	313	1417	0	386	135	139	0	0	803	0
ERR9830949	0	0	5	4	0	0	0	0	287	3500	11	301	0	624	0	0	0	0	0	4	0	2	11	0	30	0	0	349	0	31	0	927	0	0	0	0	144	0	72	410	0	266	0	0	0	0	172	0	0	0	0	0	0	650	0	0	0	0	7	0	0	0	7665	8	2	0	0	0	220	0	0	0	462	0	0	572	0	0	0	5	0	11	0	0	4	403	148	115	0	13	37	5	0	189	1135	0	0	0	146	117	17	2033	0	18829	25	0	46	0	0	39	0	0	0	0	266	0	0	477	59	566	218	2343	401	247	0	2	0	560	0	24	0	422	0	0	0	0	0	0	81097	12	67	0	0	284	358	352	0	0	179	28	8288	298	5992	0	0	68	6	798	55	0	0	36	0	0	1251	53	9	0	536	173	0	18	2	686	0
ERR9830950	0	0	194	137	0	79	0	0	1444	429	145	0	19	11	0	0	0	750	0	0	7	5	60	12	17	0	0	16	7	166	0	3040	613	5	0	0	0	0	0	28	0	47	19	161	13	0	0	413	203	0	0	36	0	0	0	6	91	0	2	10	54	0	3215	33	0	4	0	0	162	7	27	0	129	0	0	1402	189	0	0	0	162	76	0	0	0	83	2463	26	0	50	638	10	2	211	4913	21	17	11	1506	2415	0	26	68	443	29	752	58	77	0	0	0	0	6	0	0	6	0	323	0	124	632	46	48	38	89	3	0	248	47	0	263	81	103	0	0	275	0	25	55	0	0	0	98	80	12	0	0	0	28	47	90	27	94	0	0	478	33	1125	44	15	194	27	0	0	566	17	46	201	79	0	141	0	0	1130	567
ERR9830951	0	0	0	0	9	0	0	15	44	22	0	8	0	0	5	0	0	0	0	0	0	0	34	0	111	25	0	0	0	0	0	160	5	0	0	0	133	0	0	0	0	194	0	0	12	0	0	3868	1099	0	0	0	0	9650	247	247	0	3	0	0	0	21	9330	0	2	0	0	0	1141	80	511	0	467	2205	9	0	0	0	0	0	3	13	0	0	5	90	112	72	15	17	133	0	0	7	486	0	0	0	528	1353	62	161	0	4077	29	200	17	6	14	33	0	0	0	0	44	0	10	498	60	212	149	407	97	591	0	26	0	2341	0	73	0	66	37	0	0	657	5	0	48027	0	57	0	7	37	32	80	0	0	17	0	97	39	1725	0	0	0	0	172	0	0	905	2	0	0	96	0	0	0	311	20	0	0	6	226	0
ERR9830952	0	13	0	5	51	0	9	13	73	23	0	4	0	352	0	0	6	0	0	3	0	0	60	0	111	20	0	0	0	0	0	0	0	0	0	0	0	0	0	8	0	1360	0	0	0	0	56	1398	640	0	0	3	0	0	109	13	5	8	21	0	47	0	10154	0	0	0	0	0	3514	194	494	0	371	0	0	0	0	0	0	84	0	257	0	0	0	113	4676	14	17	0	735	31	0	143	5092	0	0	0	2880	7067	266	1390	8	8811	165	7963	72	60	158	265	91	0	20	7	207	312	77	1633	139	1409	313	814	195	2533	305	122	0	3778	144	356	0	0	42	0	0	3179	0	0	22482	0	150	0	173	98	173	599	0	0	3	30	6810	0	843	0	0	226	99	1444	94	0	1900	281	0	72	1871	206	0	7955	1415	78	0	20	0	1380	7
ERR9830953	0	0	0	0	24	40	6	0	0	1085	1454	25	127	287	0	20	0	607	0	0	8	0	0	0	0	0	0	13	7	0	0	84	0	11	0	17	204	1099	29	302	0	427	12	0	10	0	0	4436	787	3	0	3	0	0	0	2892	0	0	0	0	0	0	6781	0	0	0	0	0	207	0	104	19	782	28	0	575	0	18	0	4	988	101	0	0	0	142	89	50	0	274	500	16	0	246	744	0	0	0	116	1310	0	4396	0	8072	83	298	10	0	9	203	0	0	0	0	141	33	85	1403	755	344	442	346	232	36	328	65	28	0	0	0	0	726	316	0	0	1236	348	0	27150	0	44	0	0	1037	294	297	0	0	315	0	7830	101	3958	0	0	50	68	5738	796	0	0	155	62	78	1448	110	0	21	2445	185	0	18	0	626	0
ERR9830954	0	12	0	517	243	171	0	9	11	171	12484	14	0	204	0	39	0	3335	0	0	0	41	16	72	0	10	0	10	18	291	0	62	17	0	0	0	108	25	11	0	0	590	0	0	135	0	11	7198	1857	5	13	6	0	0	0	4824	9	0	0	0	0	10	7287	30	5	0	9	16	842	78	169	0	411	0	0	0	0	0	0	0	0	226	0	0	0	519	3237	281	0	251	1093	32	0	478	2350	11	0	12	3376	4788	0	1263	0	3858	31	1070	29	10	209	66	119	0	9	0	105	0	12	714	174	397	545	561	421	978	72	52	0	778	0	10	2	719	228	43	0	1525	0	0	6889	269	303	0	0	364	398	193	0	0	224	0	189	314	909	19	0	38	65	2266	0	0	0	296	18	64	3132	348	0	57	771	236	18	15	0	2272	0
ERR9830955	0	0	110	665	98	114	0	0	680	161	3266	6	673	52	0	15	0	50	0	0	0	361	0	0	11	0	0	273	5	85	0	654	0	0	73	0	29	0	0	91	0	197	54	0	46	0	0	802	93	11	0	94	0	7	11	27	67	0	0	0	63	0	26477	16	0	0	0	0	782	0	49	0	2973	0	0	3255	0	7	0	2	0	581	0	0	0	1229	1312	0	19	149	661	0	13	205	217	0	324	0	1278	2794	0	184	63	1174	214	163	129	75	8	75	13	0	8	16	12	0	0	519	35	1238	44	180	51	291	38	0	0	500	27	22	0	108	197	0	0	467	0	1043	1179	0	70	0	76	82	77	61	107	0	0	19	174	97	383	0	0	799	29	1981	0	0	0	1099	165	240	7023	957	2565	0	290	0	362	51	0	882	322
ERR9830956	0	0	0	969	45	18	0	0	142	41	13	0	34	158	3	15	0	2770	0	0	0	0	0	0	811	0	0	0	14	16	0	1512	0	4	13	0	48	7	0	81	0	141	0	0	7	22	129	0	0	0	5	0	0	3709	115	0	14	0	10	0	11	0	17461	0	0	52	0	0	231	11	0	0	269	0	0	51	182	62	0	0	0	225	0	0	0	3628	3185	87	48	316	425	81	7	1159	1194	0	374	0	2528	2043	0	1529	26	6589	61	292	23	79	17	204	19	0	8	0	19	0	33	246	72	367	75	4424	273	128	33	65	45	2000	632	529	0	33	28	51	0	0	29	0	100	0	57	0	0	182	122	204	0	0	73	63	439	117	2556	20	6	348	89	1432	25	0	0	939	55	400	10974	434	560	1350	2154	33	78	0	0	241	0
ERR9830957	0	0	0	0	5	107	3	4	0	946	12226	101	0	303	0	0	3	0	0	0	0	0	42	0	86	0	0	310	5	1217	0	286	0	0	0	0	30	134	174	5	15	247	121	36	10	0	209	837	1298	0	0	11	268	5	29	870	0	0	26	0	114	0	5685	16	0	0	0	0	1129	20	313	0	1222	52	25	7	0	38	0	0	49	35	0	6	0	218	366	0	0	32	189	49	0	2068	2422	0	156	10	1504	2652	166	587	0	15779	49	383	0	0	22	300	5	0	0	0	227	0	25	860	72	238	212	3938	212	382	25	100	122	580	366	343	0	2831	1036	0	58	429	280	0	32815	297	15	0	10	204	263	160	0	0	215	0	756	489	7069	0	0	71	39	1452	0	126	1661	33	0	88	609	44	0	5754	601	91	0	0	0	870	7
ERR9830958	0	0	336	1013	168	346	0	0	7760	31	269	41	0	27	0	5	0	1508	0	0	43	0	130	7	0	0	225	16	569	22	0	229	189	12	123	0	27	0	164	0	0	325	2528	0	236	0	39	1199	306	0	17	519	0	98	4	8	0	0	0	0	135	0	4221	4	0	0	12	0	239	33	41	61	1054	137	0	14	0	551	0	8	0	338	4	0	0	105	8168	10	30	628	336	39	2	124	803	0	66	0	1908	2127	52	209	42	1479	37	62	210	17	57	114	0	0	0	7	29	0	11	539	0	1034	641	169	0	128	0	2	377	17	0	15	0	9139	0	0	0	5862	0	0	246	0	24	0	27	23	101	12	0	18	38	58	533	0	180	27	0	707	12	529	0	4102	0	3031	189	76	6021	3825	583	44	364	17	24	232	0	202	0
ERR9830959	0	0	0	0	0	0	0	0	1003	158	0	0	0	593	0	0	0	0	0	0	0	0	0	0	0	9	19	75	0	50	0	19	0	16	0	88	208	0	26	2963	0	357	14	0	0	48	1597	0	0	74	0	4	0	6	0	0	0	0	0	0	28	0	24835	0	0	0	0	70	0	0	0	0	0	0	0	250	0	0	0	0	0	0	0	0	0	21	0	222	0	0	0	6	0	0	1369	0	0	0	0	0	0	793	0	14832	0	0	0	126	0	0	0	0	0	0	1409	0	0	14	0	0	1147	2798	0	26	0	0	5	91	0	0	0	1455	0	0	0	0	0	0	84	0	0	0	0	1659	299	0	261	0	0	155	1865	0	8823	0	0	88	0	2841	0	0	0	0	0	0	40237	175	0	0	0	70	0	0	0	761	3
ERR9830960	0	0	0	0	10	0	0	0	0	0	0	0	0	479	0	0	0	0	0	0	0	0	22	0	0	0	0	0	0	0	0	73	0	0	2	0	123	61	0	111	14	351	0	0	0	0	10	1197	500	0	0	0	0	31	18	7516	0	0	0	0	7	0	2483	0	0	0	0	0	123	21	83	0	555	0	0	0	0	0	0	3	0	23	0	0	0	540	91	0	12	0	92	11	0	104	30	0	0	0	394	1075	83	509	0	21143	65	0	37	11	13	128	5	0	0	0	160	11	32	513	58	78	365	178	96	96	0	40	0	318	0	0	0	34	0	0	0	689	0	336	25731	0	64	0	34	88	187	120	0	0	208	34	894	23	5484	0	0	239	22	527	0	0	0	129	4	0	178	22	18	0	466	132	0	12	0	579	0
ERR9830961	0	0	6	0	16	70	4	11	81	0	22764	19	0	138	11	8	4	0	0	9	0	0	0	0	0	11	0	8	0	107	0	75	0	0	2	0	46	152	0	390	20	224	0	0	83	0	14	15357	297	0	0	0	10	56	264	117	0	0	28	10	59	0	6681	21	0	0	0	0	4392	305	802	0	531	752	0	0	40	0	0	32	0	174	0	0	0	224	613	2699	15	202	851	0	0	372	1077	0	0	0	2659	4542	86	354	0	7589	52	565	0	16	17	199	165	0	0	0	338	58	0	720	999	170	314	502	279	366	33	135	0	1557	14	79	0	36	134	81	0	1093	2	0	74925	0	23	0	42	99	157	129	0	0	153	21	1158	182	862	0	0	79	39	848	53	0	714	6	37	0	476	23	0	0	711	74	0	23	0	549	0
ERR9830962	0	0	0	0	12	0	0	4	23	26	21725	29	0	812	0	0	0	0	0	0	0	0	0	0	0	0	0	0	0	35	0	1243	0	2	0	18	66	0	0	3496	0	1094	0	0	0	0	14	4908	3211	0	0	0	0	0	8	0	4	0	0	0	0	0	12575	13	0	6	0	0	729	0	219	0	1369	81	0	3423	0	0	0	19	0	35	0	0	0	568	372	264	17	15	22	24	0	1820	683	0	0	0	527	472	57	1557	7	18632	13	0	102	0	15	50	0	0	0	0	296	11	23	2179	0	223	784	1920	201	180	0	66	3	746	109	89	0	1757	56	0	0	270	0	1010	85038	0	95	0	51	390	505	293	0	0	324	74	1997	126	15579	0	0	233	40	2351	0	0	0	19	15	0	882	118	0	0	338	103	0	12	0	1735	0
ERR9830963	0	0	0	0	0	0	0	0	0	0	0	0	0	148	0	56	0	0	0	0	0	0	104	0	82	0	0	18	12	135	0	99	3	0	0	0	0	0	0	0	0	2117	0	0	0	0	0	2684	509	0	0	0	0	0	0	0	81	0	10	0	18	0	1547	27	0	0	0	0	876	0	116	0	0	0	0	0	0	0	0	27	0	71	0	0	0	25	5413	259	0	42	1284	0	0	516	0	0	0	0	5312	7177	62	1014	115	10382	98	0	0	72	50	276	0	26	0	0	136	110	70	517	0	0	376	1791	129	307	0	146	0	31	33	33	0	207	51	56	0	935	0	92	8655	0	0	0	35	415	201	784	0	0	34	44	1056	0	2207	0	0	0	214	1026	15	0	0	0	0	0	5565	158	0	0	3459	152	0	8	0	965	0
ERR9830964	2	0	0	0	0	102	0	0	140	47	4021	82	0	383	0	0	0	0	0	0	0	0	56	0	8	0	0	0	0	402	0	269	0	11	3	0	115	0	0	549	0	1137	0	2569	0	0	0	203	516	0	0	213	0	32	12	0	0	0	9	0	14	0	223	0	0	0	0	0	0	15	15	0	188	22	0	0	0	0	0	0	32	0	0	0	0	106	90	16	8	21	160	0	0	285	112	0	18478	0	1377	2201	65	927	0	12518	45	0	31	0	0	195	10	0	0	0	72	315	30	3018	0	264	129	161	103	28	0	0	0	61	0	43	0	2068	145	86	0	710	0	661	58085	0	20	0	0	56	124	155	0	0	115	0	898	0	3487	0	0	209	7	1548	0	0	1128	0	0	0	234	15	0	0	1350	65	0	0	0	426	0
ERR9830965	0	0	4	0	0	4	0	3	52	0	11	5	0	0	0	0	0	0	0	0	0	0	0	0	15	0	0	0	3	310	0	1100	0	0	0	96	0	350	0	836	11	152	0	0	0	0	8	583	0	0	0	0	0	17564	0	0	0	0	0	0	0	0	10318	0	0	0	0	0	336	0	97	0	0	0	0	190	0	0	0	10	0	5	0	0	0	0	8	41	0	8	33	55	7	902	1487	0	0	0	54	543	0	2822	0	14182	16	0	0	7	3	191	0	0	0	5	123	49	61	256	0	0	160	2874	128	244	0	59	0	612	0	0	0	99	0	0	0	0	0	0	67	0	0	0	0	388	238	493	0	0	0	20	379	51	7652	0	0	25	81	746	26	0	0	408	0	69	36127	56	387	0	55	277	0	27	0	342	0
ERR9830966	0	0	0	0	0	0	4	0	0	0	0	106	0	527	0	0	0	33	0	0	0	0	0	0	0	0	50	0	44	234	0	59	0	0	0	0	719	0	6	358	0	1132	0	0	0	0	140	0	0	0	0	3	0	0	0	6	8	0	22	0	0	0	1854	8	0	0	0	0	344	11	0	0	341	0	0	0	0	0	0	0	0	7	0	0	0	717	0	143	0	0	5	46	0	4	0	0	0	0	67	222	0	263	0	7297	49	0	10	0	0	112	0	0	0	0	41	0	112	133	0	309	101	4974	846	307	0	5	0	251	0	0	0	459	29	0	12	0	39	409	113525	0	183	0	0	58	48	223	0	0	129	0	2734	8	842	0	0	198	34	797	78	3	0	80	0	13	6195	92	0	0	74	84	0	0	4	152	0
ERR9830967	2	0	48	50	55	181	27	24	54	100	0	6	0	54	3	0	66	0	17	19	0	0	8	7	17	0	45	14246	78	110	0	4066	1838	54	72	25	381	0	8	101	7	0	26	0	23	0	461	0	1103	0	12	0	0	0	0	0	43	0	54	0	167	52	6053	170	33	0	0	10	1325	496	234	14	891	0	14	33	370	154	0	0	7	255	0	0	0	7	1386	0	5	81	963	45	0	200	5074	3	0	31	2289	4851	28	609	12	4526	18	710	78	61	9	93	0	0	0	0	59	466	42	3169	0	10166	292	1918	175	293	0	37	0	100	33	148	0	1455	328	45	0	709	0	0	8202	0	358	0	79	111	299	159	0	0	117	72	328	0	8108	0	0	739	67	1650	94	0	0	174	25	53	1570	387	367	0	992	62	0	0	0	762	44
ERR9830968	2	0	0	0	41	7	0	9	8535	2552	1265	57	748	1042	0	0	0	551	0	0	0	0	8	0	0	0	0	9086	49	2284	22	17162	580	1300	0	213	304	0	136	2434	27	1001	41	0	31	0	0	719	1151	0	4	5	0	0	0	165	0	0	0	0	47	0	13018	0	8	0	6	0	97	70	30	0	384	0	0	3104	0	34	0	12	0	63	0	0	0	0	936	89	0	65	142	2	0	1343	36	0	0	0	614	2223	0	1869	0	15690	28	0	79	12	0	97	57	0	6	0	0	9	30	789	0	0	259	837	66	14	79	53	0	32	0	26	0	5140	0	0	0	480	39	0	5800	0	63	0	5	239	165	63	0	0	505	0	139	0	783	0	0	109	107	2419	35	0	0	1557	94	42	951	232	0	0	460	93	0	27	0	1307	8
ERR9830969	0	0	0	0	0	0	4	0	139	128	0	47	0	0	0	0	0	0	12	0	0	0	0	0	306	6	69	0	4	0	109	659	0	0	0	0	0	0	4	1017	0	548	0	0	0	0	0	3219	103	0	0	0	0	0	20	830	16	0	4	0	0	7	4844	8	4	0	0	0	687	65	256	0	372	0	0	5	0	3	0	7	0	0	0	0	0	108	8	9	0	6	6	0	0	5	44	0	0	0	9	79	0	206	0	2196	14	0	0	0	0	44	0	0	0	0	29	0	16	85	0	64	38	486	52	713	0	0	0	2595	68	16	42	626	0	0	0	1129	0	141	64516	0	86	0	40	20	37	127	0	0	46	21	225	0	1859	0	0	0	0	393	0	0	0	8	0	0	205	0	0	0	90	251	0	0	0	331	0
ERR9830970	0	4	0	0	0	5	0	9	64	73	0	47	8	537	4	0	5	0	0	0	0	0	11	0	182	0	0	0	0	117	0	125	58	0	0	0	84	0	0	101	0	335	0	0	55	0	18	4123	364	0	0	0	0	265	2856	0	0	0	0	0	0	0	3978	15	6	0	0	0	871	80	247	0	474	0	0	455	0	0	0	0	0	30	0	0	3	143	66	0	0	4	34	0	0	553	0	0	0	0	87	1073	34	299	0	6476	9	29	14	0	4	128	0	0	0	0	0	85	38	716	319	1321	231	4169	136	394	48	0	0	3108	69	181	0	218	82	0	0	0	0	0	51714	0	64	0	0	167	48	145	0	0	26	17	812	73	5295	0	0	67	0	444	15	0	0	107	53	9	666	27	209	856	574	98	0	0	0	536	0
ERR9830971	0	0	0	0	11	0	17	0	776	627	0	0	0	39	0	0	0	0	0	0	44	6	0	0	69	0	0	22	0	31	0	4944	16	191	0	124	412	0	23	2221	210	522	8	0	0	0	564	0	0	0	0	4	0	0	0	0	0	0	0	0	11	0	24312	0	0	52	0	0	178	0	0	0	1729	0	0	39	113	0	0	0	0	0	0	0	0	80	0	132	0	15	0	0	0	59	162	0	0	0	0	59	0	3001	0	24188	13	0	0	10	0	33	0	0	0	0	224	0	15	54	0	239	264	1765	374	117	0	27	0	563	0	139	3	130	63	0	0	0	3049	0	0	0	0	0	0	739	321	795	15	0	130	25	1417	427	2461	0	14	110	45	2325	40	0	0	34	0	0	8366	0	0	0	32	181	0	0	0	920	0
ERR9830972	0	0	0	0	16	0	0	0	24	0	0	0	0	50	2	0	0	0	0	0	0	0	0	0	0	0	0	0	0	8	0	0	0	0	48	0	0	66	0	0	0	0	0	0	0	0	0	77	76	0	0	28	0	0	7	0	0	0	0	0	0	0	1116	0	0	0	0	0	42	0	0	0	138	0	2	0	0	0	0	0	0	28	0	0	0	0	20	0	0	36	39	0	0	257	164	0	0	0	126	852	52	210	0	7426	29	0	9	0	6	97	8	0	0	0	31	0	14	82	0	143	17	23	33	13	0	0	0	52	0	24	0	26	0	0	0	1557	0	0	57418	0	0	0	2	37	182	77	24	0	39	0	389	0	3871	0	0	95	0	366	0	0	0	48	15	13	265	25	0	0	1672	0	0	7	0	148	4
ERR9830973	0	0	0	0	0	0	0	10	225	3368	15	33	0	489	0	0	4	2	0	0	0	0	0	0	109	8	22	87	0	287	6	371	251	1390	0	0	0	0	241	3671	0	0	0	0	0	56	0	0	0	57	0	22	0	0	0	0	3	0	4	0	58	0	39764	8	0	0	0	70	0	0	0	9	1423	0	8	0	16	0	0	0	9	0	0	3	0	171	0	0	0	0	0	0	0	0	0	0	0	0	0	9	0	0	0	17	0	0	0	208	0	0	0	0	0	0	53	0	0	0	0	0	37	2915	0	0	0	0	9	46	0	160	28	36132	0	0	0	0	12	0	68	0	0	0	13	0	50	759	622	0	0	323	0	0	18	0	191	163	0	1711	0	0	0	0	0	0	17087	0	0	0	2251	96	29	0	0	562	0
ERR9830974	0	0	0	0	3	0	17	67	102	277	135	79	65	208	25	0	0	0	221	825	0	0	0	0	61	27	19	0	7	14	31	257	4	0	0	0	256	0	33	390	12	353	0	0	0	0	0	1285	134	0	0	0	0	724	189	3814	6	0	0	17	0	0	3178	43	0	67	12	0	1349	0	435	0	174	0	3	502	52	0	0	0	2	8	0	0	11	341	38	19	0	0	58	14	0	71	37	0	0	0	75	282	32	137	0	7385	8	0	6	0	6	35	0	0	0	0	18	0	13	141	0	735	71	5225	116	100	9	0	0	26083	36	0	16	1220	42	0	0	0	5	0	103427	0	202	0	0	36	0	28	0	0	44	0	586	0	786	0	0	23	0	287	0	0	0	106	0	17	317	27	134	0	263	51	0	7	6	223	4
ERR9830975	0	0	0	0	40	0	0	0	0	31	16158	0	0	1250	0	0	0	0	0	0	0	0	41	0	0	0	0	0	0	27	0	0	47	0	3	0	219	0	9	0	11	3432	0	0	34	0	49	25973	2211	0	0	0	93	162	23	828	8	0	16	0	0	0	3119	0	0	0	8	0	1816	161	221	0	1044	204	0	0	0	0	0	181	0	653	0	0	0	775	1476	1240	30	206	436	78	0	645	14854	206	365	32	2565	4425	188	716	0	14251	193	252	140	0	103	366	14	5	23	0	829	458	103	1296	52	270	769	426	839	2946	544	254	0	97	22	84	0	164	122	490	0	8968	0	284	26865	0	181	0	32	964	312	253	0	0	1099	40	2333	0	2472	0	0	589	225	5284	0	0	362	101	178	49	1923	240	0	2453	5151	199	0	68	0	3035	0
ERR9830976	3	14	0	11	0	0	0	0	4759	1191	7	51	0	411	0	32	0	0	0	0	0	0	4	0	29	0	0	39	0	55	0	1376	39	0	0	228	289	0	0	8964	15	2020	0	0	10	10	11	1352	402	0	4	0	0	2643	23	0	0	0	0	16	0	0	15579	0	0	12	0	0	120	0	52	0	1571	0	0	5635	146	0	0	15	76	238	0	0	0	945	1731	414	37	20	730	34	0	1723	2173	4	0	0	4010	5247	21	1230	66	20888	72	11	75	84	99	157	19	35	0	0	106	72	0	649	237	79	338	225	184	39	40	61	0	304	17	108	11	198	39	0	4	0	19	0	11238	0	530	0	51	358	92	118	0	0	91	51	476	110	6970	0	0	87	153	2257	161	0	0	417	14	20	14501	494	215	0	623	121	0	53	0	1013	3
ERR9830977	0	0	42	131	290	0	0	11	2111	13216	11	21	0	336	0	66	0	12	0	3	5	8	17	12	22	0	79	153	0	159	0	4739	0	345	0	0	0	0	43	239	31	1108	0	0	0	15	0	3394	33	7	55	829	0	2434	21	0	0	0	5	0	46	0	33063	28	0	0	20	36	310	0	61	0	41	0	0	4999	581	6	0	8	5	154	0	0	0	88	1749	107	79	111	566	57	9	2813	1109	8	0	0	3268	7925	0	1060	256	4702	34	0	100	44	763	48	0	27	0	9	62	0	91	2913	0	2321	454	134	171	13	0	63	0	301	0	59	59	2832	0	0	0	1345	0	0	705	0	486	0	96	185	824	55	109	21	0	248	536	43	5938	0	20	169	0	2456	120	5	158	415	315	192	9829	2792	0	0	601	686	61	47	0	1358	0
