feature	g__Acidaminococcus	g__Actinomyces	g__Adlercreutzia	g__Aeriscardovia	g__Agathobaculum	g__Aggregatibacter	g__Akkermansia	g__Alistipes	g__Allisonella	g__Anaeromassilibacillus	g__Anaerostipes	g__Anaerotignum	g__Anaerotruncus	g__Asaccharobacter	g__Atopobium	g__Bacteroides	g__Barnesiella	g__Bifidobacterium	g__Bilophila	g__Blautia	g__Butyricimonas	g__Catabacter	g__Christensenella	g__Citrobacter	g__Cloacibacillus	g__Clostridiales_Family_XIII_Incertae_Sedis_unclassified	g__Clostridiales_unclassified	g__Clostridium	g__Collinsella	g__Coprobacillus	g__Coprobacter	g__Coprococcus	g__Denitrobacterium	g__Desulfovibrio	g__Dialister	g__Dielma	g__Dorea	g__Eggerthella	g__Eisenbergiella	g__Enorma	g__Enterobacter	g__Enterococcus	g__Enterorhabdus	g__Erysipelatoclostridium	g__Escherichia	g__Eubacterium	g__Faecalibacterium	g__Faecalitalea	g__Firmicutes_unclassified	g__Flavonifractor	g__Fretibacterium	g__Fusicatenibacter	g__Fusobacterium	g__Gemella	g__Gemmiger	g__Gordonibacter	g__Granulicatella	g__Haemophilus	g__Harryflintia	g__Holdemanella	g__Holdemania	g__Hungatella	g__Intestinibacter	g__Intestinimonas	g__Klebsiella	g__Lachnoclostridium	g__Lachnospira	g__Lachnospiraceae_unclassified	g__Lactobacillus	g__Lactococcus	g__Lactonifactor	g__Lawsonibacter	g__Megamonas	g__Megasphaera	g__Methanobrevibacter	g__Mogibacterium	g__Odoribacter	g__Olsenella	g__Oribacterium	g__Oscillibacter	g__Oxalobacter	g__Parabacteroides	g__Paraprevotella	g__Parasutterella	g__Parvimonas	g__Peptostreptococcus	g__Phascolarctobacterium	g__Porphyromonas	g__Prevotella	g__Proteobacteria_unclassified	g__Pseudoflavonifractor	g__Pyramidobacter	g__Romboutsia	g__Roseburia	g__Rothia	g__Ruminococcaceae_unclassified	g__Ruminococcus	g__Ruthenibacterium	g__Scardovia	g__Sellimonas	g__Slackia	g__Solobacterium	g__Streptococcus	g__Sutterella	g__Turicibacter	g__Turicimonas	g__Tyzzerella	g__Veillonella	g__Weissella
ERR1018312	0	0.10302	0	0	1.07227	0	0.03509	0.34951	0	0	0.31717	0	0.26116	0.00018	0	8.83849	0.10845	8.24277	0.5409	4.15813	0.22679	0.01277	0.00266	0	0.22421	0.00785	0.00879	0.00158	11.70514	0	0	0.00269	0.00059	0	0.03905	0	7.10039	0.42746	0.15131	0.02976	0	0.67184	0.00135	0.37744	38.0426	0.16322	0.03656	0	0	0.0445	0	0	0.84492	0.06729	0	0.06214	0	0	0	0	0.09968	0.03012	0	0	3.67566	2.57187	0	0.00041	0.59281	0	0.00398	0	0	0	0	0.13572	0.02438	0.00077	0.00057	0	0.02866	0.47988	0	0	0.10148	0.19566	3.99868	0	0	0	0	0	0	0.30744	0	0.00629	0.0019	1.89074	0	0.04805	0.00065	0.14301	0.52779	0.0932	0	0	0	0.01608	0
ERR1018311	0	0.00107	0.17674	0	1.69074	0	0	4.76769	0	0	0.95273	0	0	0.05033	0	9.0185	0	0.07322	0.0804	5.31055	0.09071	0.0015	0.01519	0	0.0086	0.00518	0	0.19054	2.86113	0	0	10.89771	0	0	2.19981	0	2.82377	0.04161	0.00566	0.01152	0	0	0.00312	0.00017	0.08416	22.16345	8.97946	0	0.76319	0.05235	0.00054	1.68701	0.10524	0.01588	0.37685	0.01096	0	0	0	0	0.03075	0.0401	0	0.01995	0.0046	0.02959	0	3.08941	0	0	0	0.00984	0	0	0	0	0.06702	0	0	0.55281	0	0.86556	0	0	0	0	0.04296	0	1.88046	0	0	0	0	5.6444	0.00152	0.2149	11.13974	0.10933	0	0	0	0	0.64321	0	0	0	0	0	0
ERR1018310	1.53152	0	0.01214	0	0.09017	0	0	0.3512	0.00346	0	0.01721	0	0.00257	0.0132	0	12.43207	0.01722	1.64458	0.04126	0.20181	0.19585	0.00879	0.03237	0	0.0146	0	0.09089	1.01884	1.03553	0	0.08418	0.29422	0	0.2778	16.25889	0.02913	0.3536	0	0.11567	0.01079	0	0.00196	0	0.00931	0.15783	19.17352	4.46307	0	1.81336	0.24521	0.00121	0.1526	0.00469	0	0.09757	0	0	0.00386	0	0	0.00503	0.04705	0.00322	0.01589	0.1307	0.17725	0	2.63924	0.60892	0	0	0.00364	0.35068	0.18718	0	0	0.15444	0	0	0.15918	0.22627	0.92997	0	0	0	0	0.00184	0	24.21728	0	0	0	0	1.58586	0.00427	0.08041	2.58724	2.28155	0	0	0.00067	0	0.02329	0.00385	0	0	0	0.011	0
ERR1018309	0	0.04576	0.12617	0	0.95695	0	1.63227	0.13652	0.00393	0.10762	0.4901	0.22141	0.02558	0.05443	0	0.89001	0.01763	0.53568	0	12.47916	0	0.07418	0.00284	0	0.00848	0.01676	0	0.3054	12.49611	0.05834	0	0	0.00331	0.04018	0.00514	0	0.54641	0.09316	0	0.10638	0	0.00059	0.01698	0.25593	3.42632	3.1552	5.27982	0	6.2125	0.03644	0	0.18942	0	0.03827	0.0046	0.03182	0	0	0.01968	0	0	0.02592	0	0	0	0.04413	0.23286	2.36206	0	0	0.01187	0.00117	0	0	0	0.00644	0	0.01411	0	0.04639	0	0.0697	0	0	0	0	0	0	0.93408	0	0	0	0.00037	2.29173	0.0016	0.18493	38.19094	0.76657	0	3.58896	0.00459	0.00151	0.92986	0	0	0	0.12362	0	0
ERR1018308	0	0	0.1846	0	4.11494	0	0.13405	2.85976	0	0	8.75128	0	0	0.07226	0	5.20472	0.20709	0	0.03173	4.14288	0.02173	0.01457	0	0	0	0	0	0	1.49652	0	0	2.43258	0	0.36474	0	0	3.99955	0.00868	0	0.00374	0	0	0.00514	0	0.06361	7.89008	8.2724	0	0.37896	0.00454	0	5.54933	0	0.00856	0.41693	0.04959	0	0.00442	0	0	0.04537	0	0	0	0	0.00618	0	21.69202	0	0	0	0	0	0	0	0	0.01361	0	0	0.47232	0	0.104	0	0	0	0	0.81075	0	3.57543	0	0	0	0	4.02512	0.01461	0.03422	11.85048	0.05353	0	0	0	0	0.16611	0.01896	0	0	0	0	0.00618
ERR1018307	1.27913	0.03029	0.09123	0.00138	1.34531	0	0.02409	0.00555	0	0	0.15706	0	0	0.0285	0	0.05522	0	6.15244	0.13901	11.82132	0	0	0	0	0.02101	0.00595	0	1.22238	9.69219	0	0	1.59253	0	0.14082	0.0044	0	5.48387	0.07208	0.00032	0.03221	0	0.03564	0.0033	0.03115	40.13928	4.06727	2.44876	0	0.12656	0.1225	0	1.67529	0	0.06145	0.62847	0.01618	0.00108	0	0	0.50679	0.05296	0	0.05889	0	0	0.04577	0.04744	0.15598	0	0.00397	0	0	0.26725	0.11216	0.07211	0	0	0.01491	0	0.0011	0	0.00199	0	0	0.00815	0.01127	2.14152	0.00063	0.15163	0	0	0	0.00072	3.16205	0.0074	0.07124	3.64096	0.05989	0	0	0.50947	0	0.12902	0	0.003	0	0	0	0
ERR1018306	0	0.00446	0.02196	0	0.52236	0.00375	0	0.13386	0	0	0.77623	2.12718	0	0.00685	0	11.20373	0	2.52728	0	1.19735	0.05212	0	0	0.16552	0	0	0.00428	1.84388	0.84536	0	0	0.42553	0	0.25124	8.71444	0	0.57949	0.00708	0.00569	0.00218	0	0.00963	0	0.00289	0.03639	1.22363	3.10929	0	0	2.34792	0	0.44159	0.094	0.01642	0.00157	0.00794	0	0	0	0	0.04394	0.03409	0	0	0	0.08352	2.08233	1.98418	0	0	0	0.01792	0	0	0	0	0.08453	0	0	0	0	0.54732	0	0	0.01117	0	0.75524	0	51.63045	0	0	0	0	2.2795	0	0.23677	0.69002	0.61447	0	0	0	0.003	0.1126	0	0	0	0	0.06762	0
ERR1018305	0	0.00668	0.03557	0	0.40001	0	0	9.96898	0.00593	0	0.22712	0	0.00119	0.01307	0	24.03089	0.84982	2.35824	0.15034	2.19985	0.1654	0.00529	0.00813	0.06371	0	0	0	0.01338	0.78887	0	0.00832	4.79073	0	0	0	0	1.07858	0.11362	0	0.00291	0.04522	0	0.00081	0.00511	7.65869	0.79004	10.76331	0.00224	0.35541	0.23731	0	0.6112	0.10135	0.00757	0.50647	0.05215	0	0.45778	0	0.26333	0.20329	0.03686	0.14983	0	1.46411	0.09413	0.0322	6.9419	0.00132	0	0	0	0.29134	0	0.00707	0	0.12775	0.00075	0.00042	0.04033	0	4.60504	0	0.03305	0	0	1.76022	0	6.03747	0.01265	0	0	0	2.98353	0.03563	0.02053	4.98821	0.12296	0	0.27494	0	0	0.48172	0	0	0.00502	0.00151	0.06575	0
ERR1018304	1.71711	0	0	0	0.04985	0	0.2442	0	0	0	0.00218	0.00074	0.043	0	0	28.18506	0	3.40921	0.11468	6.56479	0	0.02337	0	0	0	0	0	1.84047	0.78985	0	0	0	0	0	0.00126	0.0123	0	0.1377	0	0.00754	0.24047	0.19602	0	0.78233	4.52637	3.94468	0.02903	0	0.00762	1.32732	0	0	0.06323	0.00825	0	0.0132	0	0.00312	0	0	0	0.03434	0.12766	0	3.18488	1.1762	0	0.03536	0.03034	0	0	0	4.63852	0.93795	0	0	0.06924	0	0.00117	0	0	0.60594	0.00674	0	0.00331	0.00284	1.86923	0	0.00526	0	0	0	0.00359	14.00245	0.00731	0	11.32398	0.29268	0	0.0264	0	0	0.5724	0	0	0	0.20713	6.49547	0
ERR1018303	0	0	0	0	1.12847	0	0	0.13717	0	0	0.76182	0	0.0207	0	0	34.2262	0	0.00221	0.05876	2.27137	0.33852	0	0	0	0	0	0	0.01956	0.15002	0	0	0.85635	0	0.19541	0.43872	0.00393	0.63059	0.07542	0	0.00035	0	0	0	0.07786	0.34553	3.86726	12.75359	0	4.19558	0.07226	0	0.72208	0.78869	0.36665	0.8776	0.01252	0	0.30023	0	0	0.01597	0.0141	0	0.00362	0.01288	0.20375	0	10.49131	0.25441	0	0	0.01076	0.55203	0	0	0	0	0	0	0.85878	0	1.04766	4.917	0	1.0399	0.69363	4.16285	0	0.43676	0	0	0	0	3.95669	0.11779	0.00334	3.7188	0.09865	0	0	0	0.21972	1.08675	0.00231	0	0	0	0.35674	0
ERR1018302	0	0	0	0	0.55098	0	2.60352	0.14205	0	0	0.98511	0	0.14051	0	0	64.97207	0	0.01962	0.09014	0.42902	0.67247	0.02295	0	0	0	0	0	0.08599	0	0	0	0	0	0	0	0.03447	0.22979	0.02595	0.30876	0	0	0	0	0.01083	0	8.8604	0.55303	0	0.40156	0.4382	0	0	0.65019	0	0	0.00397	0	0	0	0	0.11873	0.12812	0.07695	0.20882	8.67051	1.30733	2.24001	0	0.01156	0	0	0	0	0	0	0	0.18206	0	0	0.03884	0.05366	2.66436	0	0	0.00262	3e-04	0.96741	0	0.00242	0	0	0	0	0.07223	0	0	0.58447	0.05132	0	0.06396	0	0	0.21494	0.00312	0	0	0.00785	0.08868	0
ERR1018301	0.06594	0	0.01785	0	0.0487	0	0.00607	5.50526	0	0.02181	0.0012	0	0.00157	0.00549	0	24.74003	0.03009	0.0602	0.08906	0.63535	2.2575	0.00279	0	0	0.21402	0	0	1.74322	0.30869	0	0	0.01566	0	0	0.04283	0.00591	0.19969	0	0.05793	0.04126	0	0	0	0	0.89173	0.3688	1.59998	0	2.24724	0.20979	0.00716	0.00475	0.0278	0.11151	0.0809	0	0	0.0313	0.01144	0	0.28651	0.01314	0	0.01419	0.09157	0.1745	0.20608	0.0013	0.00102	0	0	0.03995	0	0	0	0	12.35876	0.00585	0	0	0	2.82913	0	0.16051	0.24507	0.02907	1.37227	0	32.38932	0.04223	0.0068	1.13973	0	0.30067	0	1.27293	0.23221	0.11474	0	0	0	0.10287	0.07371	0	0	0.02647	0	0	0
ERR1018300	0.00155	0	0.0198	0	0.14146	0	0.0018	5.05001	0	0	0.21646	0	0.01026	0.00599	0.00247	66.46904	0	1.04393	0.15306	0.99215	0	0	0	0	0	0	0	0.36041	1.3639	0	0	0.20857	0	0	0.01038	0.00777	1.5926	0	0.0113	0.0056	0	0	0	0.10016	0.08276	8.84881	2.25338	0.01617	0.19792	0.33033	0	0.23922	0.49207	0.01471	0.00765	0	0	0.09009	0	0	0.01953	0.01848	0.01961	0.01811	0	0.41665	0	0	0.02553	0	0	0.00951	0	0	0.00785	0	0	0	0	0.01111	0.04676	4.02894	0.72489	0	0.05807	0.00571	1.41465	0	0.01735	0	0	0	0	0	0	0.24635	1.89745	0.38301	0.00452	0.01967	0	0	0.14814	0.02739	0	0	0.00097	0.01714	0
ERR1018299	0	0.00221	0	0	0	0	0	0.09547	0	0	0	0.35708	0	0	0	74.03363	0	0.67242	0.23514	4.58616	0.18544	0	0	0	0	0	0	0.13723	0.7482	0.00772	0	0.15719	0	0	0.54949	0	1.962	0.14654	0	0.00098	0	0	0	0.80489	0.97	0	0	0	0	1.49996	0	0	1.13174	0.05175	0	0.0131	0	0.008	0	0	0	0.07625	0	0	0	1.33559	0	0	0	0	0	0	0	0	0	0	0	0	0	0.67719	0	5.12786	0	0.2806	0.02459	0.09551	1.58948	0	0.02091	1.7052	0	0	0	0.20545	0	0	0	0.27221	0	0	0	0	0.07363	0	0	0.05844	0	0.09433	0
ERR1018298	0.04954	0.01196	0.05298	0	0.0025	0	19.3178	2.74692	0	0.00275	0.07234	0	0.00691	0.04287	0	5.56498	0	9.52312	0	1.9917	0.05269	0.04776	0.09564	0	0.16523	0.0012	0	1.79285	3.38868	0	0	0.80206	0	0.15622	0.06018	0	1.05202	0.08702	0.68552	0.02395	0	0.02061	0.00348	0.2952	3.08454	1.09235	0.6958	3.72521	0.14722	0.01463	0.00151	0.05237	0.29341	0.05696	0.11224	0.01207	0	0	0.20088	1.23115	0.25434	0.00577	0	0.24424	0	0.1343	0.34416	0	0.005	0	0.01382	0	0.06087	0	0	0.00249	0.06144	0.00156	0	0.55514	0	2.39806	0	0	1.28915	0.71729	0.52142	0.00886	0.2956	0	0	0.1296	0	1.51352	0	2.41348	25.97213	0.73152	0	0.52554	0.01058	0.10994	2.13297	0	0	0	0	0	0
ERR1018297	0	0	0.03097	0	0.26267	0	0.02686	1.19597	0.01485	0.00505	0.48003	0	0.00818	0.00993	0	52.83543	0	0.0164	0.31939	2.05161	2.04798	0	0.01126	0	0.02089	0	0	1.84311	1.33678	0.0026	0	2.6979	0	0	0	0.00799	1.81119	0.14016	0.19889	0.00271	0	0	0.00041	0.11504	0	11.20559	2.33789	0.01507	0.11795	0.24617	0	0.25178	0.13837	0	0.02111	0.07953	0	0	0	0	0.08239	0.01646	0	0.00948	0	0.13032	1.69867	0.13543	0.01876	0	0	0.01678	0.66325	0.19333	0	0	0	0	0	1.40155	0	4.09102	0	0.10131	0.0734	0.00132	1.6683	0	0.02974	0.00495	0	0	0	2.37628	0	0.0144	5.02672	0.2146	0	0.06311	0	0	0.05205	0	0	0	0.00868	0	0
ERR1018296	0	0.01154	0	0	0.12613	0	0	0.31043	0	0	3.62982	0	0	0	0	8.36807	0	0.37244	0	0.84408	0	0	0	0	0	0	0	1.4573	3.04992	0	0.21275	0.3022	0	0	0.05299	0	0.95371	0	0	0.00543	0	0	0	0	0	0.87056	6.96475	0	0.22479	0	0	0.13181	0.20355	0.04044	0.14562	0	0	0	0	0	0	0	0	0	3.16088	0	2.18922	0.02993	0.12548	0	0	0	0	0	0.01206	0	0.08278	0	0	0.69004	0	0.51992	0.82478	0	0.09599	0.10803	1.86831	0	52.53323	0	0	0	0	5.16527	0	0.69391	1.07526	0	0	0	0.02756	0	0.00647	0	0	0	0	0	0
ERR1018295	0	0	0.01847	0	0.24052	0	0.00165	0.15	0	0	0.10041	0	0	0.00765	0	7.85452	0.11218	0.02655	0.05059	0.19285	0	0	0	0	0	0	0	0.119	0.63815	0	1.43334	0.78543	0	0	3.93849	0	0.67525	0.00405	0	0.00145	0	0	0	0.00308	0.09621	5.91418	5.51963	0	0.87638	0.00499	0	0.12938	0	0.00587	0.03949	0.0015	0	0.15375	0	0	0	0	0.02497	0.01636	0.04658	0.00657	0	0.44081	0	0	0	0	0	0	0	0	0.12565	0.03597	0	0.69395	0.11921	2.37881	0.28015	0	0	0	0.52708	0	58.92313	0.00844	0	0	0	2.47463	0.02368	1.85326	1.92904	0.00974	0	0	0	0	0.16582	0	0	0.00144	0	0.81972	0
ERR1018294	1.80804	0.00549	0.24762	0	0.01718	0	2.1003	14.60577	0	0.08257	0.09815	0	0	0.08255	0	30.22906	0	3.63747	0.09425	1.77576	0.65301	0.00363	0.02124	0.00073	0.12682	0	0.0088	0.53179	5.0858	0	0	1.75994	0	0.55153	2.28961	0	0.82647	0	0.00242	0.02405	0	0	0.01524	0.0047	0.15126	0.8855	6.04057	0	3.45167	0.01807	0	0.59101	0.32246	0.10667	0.06554	0.02303	0	0	0.02606	0	0.01211	0.12432	0.01715	0	0.0257	0.40428	0.03195	0.27079	0.02082	0	0	0.21573	0.4075	0	0.0086	0.00234	0.09524	2.41384	0	4.02632	0.14974	2.93982	0	0.35723	0.09736	0	0.34403	0.20161	1.98436	0.01018	0.05013	0	0	0.39849	0	0.70905	1.56689	0.14138	0	0.50167	8e-04	0.00712	0.37321	0	0	0.04023	0	0	0
ERR1018293	0	0.0416	0.00314	0	0	0	29.11682	1.59805	0	0.00162	0.49986	0	0.10512	0.00245	0.00105	8.38693	0	14.06617	0	0.036	0	0	0	0	2.99651	0.00278	0	0.00374	0.00219	0	0	0.02358	0.00128	0	0	0	0.12979	1.72723	0.48372	0.00061	0	0.00147	0.00915	0.08183	0.3516	11.62895	0.11308	0	4.19317	0.14808	0	0.11269	0	0	0	0.5157	0	0.00084	0	0	0	0.31944	0.02786	0.02745	0.00829	0.39819	0	0.73929	0.16399	0	0	0	0	0	0	0	0.68881	0	0	0	0	4.17861	0	0	0	0	0	0	0.00671	0	0	0	0	0.05508	0	0.17928	15.04729	1.59998	0	0	0	0.00025	0.08706	0	0	0	0	0	0
ERR1018292	0	0	0	0	0	0	0	0	0	0.00547	0.56314	0.04828	0.04633	0	0	55.90706	0	0.00089	0.0887	0.44045	0	0	0	0	0	0	0	0	0	0	0	0.09149	0	0	0.31906	0	0.5206	0.12676	0.00901	0	0	0	0	0.36025	0.01121	18.72256	0.86842	0	0.66588	0.36259	0.00433	0.29331	1.05468	0.03739	0	0.01982	0	0	0	0	0	0.031	0.02089	0.00682	0.01978	0.40496	0	0	0	0	0	0.0093	1.70997	0	0	0	0	0	0	0.0021	0	3.06272	0	0	0.28039	0.27954	0.418	0.525	2.4415	0	0	0.01786	0	4.78644	0	0	4.81088	0.22601	0	0.09718	0	0.1748	0.02094	0	0	0	0.0448	0	0
ERR1018291	0	0	0.01926	0	0.12878	0	0	2.04241	0	0	0.36058	0	0.26985	0.00542	0	38.47161	2.01176	8.13132	0.12152	1.94186	0.11338	0.04239	0.12611	0	0.02096	0	0	0	3.25373	0	2.85634	0.17845	0	0	0.0548	0.0236	0.65946	0.13363	0.15137	0.01724	0	0	0.00065	0.25925	0.04041	2.42324	1.19511	0.00319	5.30964	1.67458	0	1.15164	0.37567	0.01311	0.08664	0.13545	0	0	0	0	0.23792	0.00574	0.02151	0.57615	0.02139	0.84221	1.25021	0.02631	0.00488	0	0	0.04717	0	0	8.0365	0	0	0.00057	0	0.64905	0	9.48363	0.34323	0	0.23389	0.07974	0.92405	0.15898	0.32698	0	0.26457	0	0	0.68261	0	0.14871	1.33858	0.37336	0	0.01355	0	0	0.05024	0	0	0	0	0.01165	0
ERR1018290	0	0	0.06469	0	0.16496	0.01121	0	5.20201	0	0.02749	0.05149	0	0.01405	0.02194	0	49.05033	0	0.5823	0.12908	0.13492	0.5707	0	0	0.39201	0	0	0	0.56415	0.21344	0	0.21647	1.79826	0	0	1.26385	0	0.70804	0.00972	0	0	0.08341	0	0.00017	0	0.02073	10.04847	4.16695	0	4.29881	0.06835	0	0.04624	0.01988	0	0.25811	0.03151	0	0.03529	0	0	0.0108	0	0.02365	0.02878	0.18279	0	0.02848	5.27654	0	0	0	0.03658	0	0	0	0	0	0.00902	0	0.90414	0	4.34298	0	1.50714	0	0	0.64681	0	0	0.09279	0	0	0	1.14989	0.00072	0	5.11426	0.05876	0	0	0	0	0.07356	0	0.10667	0.01894	0	0.10012	0
ERR1018289	0	0.00523	0	0	0.07127	0	7.14829	12.16611	0.03035	0	0.31208	0	0.13056	0	0.00662	44.02754	0	2.24298	1.42359	1.62548	0.37482	0	0	0	0.01896	0	0	0.02031	0.60956	0	0	0.78332	0	0	0.00341	0	0.92731	0.00235	0	0.00057	0	0	0	0.01886	0.96679	0.25425	1.44934	0	0.02092	1.41502	0	0.12013	1.38845	0.00949	0.10951	0	0	0.11667	0	0.02641	0	0	0	0	0	0.0233	0.10016	0.00126	0	0	0	0	1.9685	0	0.06542	0.00534	0	0	0	0.0066	0.02163	4.51161	0	4.85778	0	0	3.52668	0	0	0.29714	0	0	0	2.38898	0.0042	0	1.07862	0.06255	0	0	0	0	1.89857	0	0	0.29025	0	1.05362	0
ERR1018288	0	0	0	0	0.01464	0	0	6.44498	0	0.0342	0.54274	0	0.37405	0	0	23.73238	0	3.11834	0.08808	0.53895	0	0.09452	0	0	0	0	0	0	0.0196	0	0	0.0503	0	0.77916	0	0	1.15474	0.40471	0.78462	1.54953	0	0	0.0013	0.49559	0	2.41063	0.50527	0	0.4679	0.61037	0	0.03264	0	0	0	0.1644	0	0	0	0	0.11176	0.46038	0.17041	1.40876	0	2.40853	0	0	0	0	0	0.20713	0	0	0	0	1.38915	0	0	22.76444	0	3.39657	0	0	0	0	1.58951	0	0.00238	0	0.16841	0	0	2.8857	0	2.11271	3.61219	10.07607	0	0.70277	0	0	0.54159	0	0	0	0	0	0
ERR1018287	0	0.01289	0	0	2.5851	0	0	0.21088	0	0	4.57415	0	0	0	0.00146	11.19573	0	13.09841	0.59127	12.55055	0	0.02507	0	0	0	0	0	0	5.20812	0	0	7.65287	0	0	0.64258	0	1.73561	0.31093	0	0.01966	0	0.00422	0	0.51282	0.0031	0	6.62422	0	0	1.45386	0	2.04225	0	0.00166	0	0.04142	0	0.00133	0	0	0	0	0	0	0	0.71124	0.00846	0	1.08319	0	0.00223	0	0.23478	15.21735	0	0	0	0	0	0	0	0.85034	0	0	0	0	0	0	0.00619	0	0	0	0	7.40083	0.00066	0	0	0.08472	0.02106	0	0	0	3.22597	0	0	0	0.0021	0.00351	0
ERR1018286	0	0.00089	0	0.00119	0.16488	0.00538	0	0.08919	0.0099	0	0.60984	0	0.0125	0	0	17.11148	0.91568	4.31619	0.00338	1.30295	0.24533	0	0	0	0	0	0	0.24223	1.79294	0	0	0.57992	0	0.15599	0	0	0.57611	0.2299	0	0.00937	0	0	0.00061	0.00461	1.3657	7.67013	13.93532	0	0.55293	0.04992	0	0.62723	0.0053	0.00709	0.00945	0.03638	0	0.53813	0	0.00201	0.01858	0.00309	0.08347	0	0	0.02666	0	3.38536	0.00746	0	0	0	0	1.38029	0.0024	0	0.10558	0.00111	0	0.19397	0	0.86799	0	0.35816	0	0	1.99364	0	4.42695	0.02449	0	0	0	22.18983	0	0.01375	8.80208	0.02752	0	0.00213	4e-04	0	1.27022	0	0	0.04928	0.01269	1.53123	0
ERR1018285	0	0	0	0	0.07872	0	0	1.09283	0	0.00433	0.14405	0	0.0325	0	0	45.17728	0	0.01856	0.18567	0.04152	0	0	0	0	0.39909	0	0	0.36866	0.0125	0	0	0.08476	0	0	0	0	0.09877	0.26784	0.02626	0.04056	0	0	0.00113	0.02663	0.06829	2.61369	9.09042	0	0.35074	0.37063	0	0.19292	0	0	0.02389	0.10822	0	0.03391	0	0	0.01375	0.00049	0.0365	0.1494	0.0158	0.29399	0	0.0257	0.07267	0	0	0.0562	0	0.00711	3.8859	0	0	0	0	0.91437	0	1.96112	0	0.52481	0.00587	0.03987	0.57065	0	4.44359	0.03269	0.0024	0	0	13.71947	0	11.50376	0.06561	0.59724	0	0	0	0	0.06569	0	0	0.03822	0	0.00277	0
ERR1018284	1.74263	0.01535	0.11971	0	0.28707	0	0	4.0412	0	0.30451	0.64025	0	0.00253	0.04235	0	3.35054	0	3.08886	0.00083	8.10445	0.12315	0	0.02862	0	0	0	0.00243	0.94423	0.93583	0.01983	0	0.47318	0	0.05946	0.25709	0	0.38407	0.12108	0.0497	0.00503	0	0	0.004	0.2798	13.5441	7.65129	2.39704	0.07316	1.71268	0.12335	0	0.4667	0	0.00859	0	0.17902	0	0.18278	0	0	0.46058	0.16079	0.84317	0	0.83033	0.17986	0	2.00369	1.83029	0.02436	0	0	0	0	0	0.00436	0.08339	0.46642	0	0.09686	0.04843	0.10003	0	0	0	0	0.00813	0	0	0	0.00085	0	0.00518	4.67214	0.00039	0.1593	30.41172	0.02761	0.01521	0.10263	0	0	5.29814	0	0	0	0	0.20268	0
ERR1018283	0.01764	0.04284	0	0.00218	0.93143	0	0	0.00402	0	0.08076	0.86589	0.01472	0	0	0.05177	3.74116	0	7.86213	0	9.88831	0	0.02063	0	0	0	0.08324	0	0.72129	7.27681	0.01779	0	0	0.00121	0	8.46656	0	2.50525	0.08561	0	0.02643	0	0.00838	0.00117	0.79414	0.10868	0.0452	2.38632	0	0	1.52825	0	0.76147	0	0.00846	0	0.03529	0	0.03693	0	0	0	0.01806	0.03207	0	0	0.87275	0	2.59789	31.93488	0	0	0	0	1.85045	0	0	0	1.73132	0	0	0	0.56872	0	0	0.01592	0	0	0	1.00813	0	0	0	0	0.71488	0.00145	0.02061	0.03205	0.27499	0.09908	0	0.00071	0.0237	5.24246	0.03022	0	0	0.12857	2.41979	0
ERR1018282	0	0.01272	0.00025	0	0.32326	0	0.00523	0.55966	0	0.03746	0.04513	0	0.04669	0	0.01167	18.52776	0.13196	0.12941	0.02752	2.75654	0.04208	0.12786	0.10647	0	0	0.0051	0.01123	1.32916	1.35302	0.00093	0	6.89976	0	0	0.04442	0.39299	1.03129	0.26504	0.1849	0.05088	0	0	0.00084	1.13186	0.52506	8.03895	1.22065	0	1.11646	0.84269	0	0.04717	0.57977	0.21304	0	0.04313	0.00623	0.07027	0	0	0	0.07912	0.00432	0.00934	21.88667	1.39918	0.00228	0.01563	1.58219	0	0	0.01257	0	0.00812	0.04378	0.00729	0.06815	0.01197	0	0.32388	0	0.63041	0.10231	0	0	0.00023	0.22536	0	0.44218	0	0	0	0	3.0524	0.03533	0.51799	0.02174	3.02304	0.00728	0	0.00552	0	17.02511	0.00115	0	0	1.05566	0.07421	0
ERR1018281	0	1.61889	0.4676	0	0.00415	0.00271	10.0428	10.58356	0	0	0.1951	0	0.0249	0.14625	0.00312	23.86373	1.36115	0	0.09439	1.00262	1.24535	0.06146	0.1863	0	0.51122	0	0	0.61905	0.86256	0.03633	0.01916	0.29556	0.00124	0	0	0	0.62175	0.39124	0.36428	0.00822	0	0	0.01391	0.24337	8.67543	0.82253	1.58917	0	2.99473	0.17507	0.0023	0.038	0.01801	0.04709	0.11426	0.20261	0	0	0.00418	0.03568	0	0.0376	0.00123	0.01798	0.0386	0.10177	0	0.94044	0.00696	0	0	0.03883	0	0	0	0	0.47216	0	0	1.72799	0	5.40473	0	0	0.27147	0.04249	0.71397	0.03336	0	0	0	0	0	0.37291	0	0.00424	14.43231	3.48154	0	0	0.00074	0.16318	0.17718	0.00383	0	0	0	0.00299	0
ERR1018280	0	0.00578	0.03595	0	1.93421	0	0	0	0	0	1.79309	0.10039	0	0.03275	0	16.773	0	3.56712	0.01219	7.33004	0	0	0	0	0	0	0	0.01546	1.26754	0.08357	0	0	0.00033	0	0.20754	0	0.85841	0.07683	0	0.00715	0	0.0016	0.0248	0.08494	0.06328	38.44511	12.40993	0	0	6.85424	0	0.65677	0.00842	0.11548	0	0.26745	0	0.05943	0	0	0	0.07196	0.17561	0.06305	0.08369	0.24715	0	0.01172	0	0	0	0	0.00123	0	0	0.007	0	0	0.00245	0	0	0.9156	0	0	0.00484	0.01642	0.08462	0.00145	0.00871	0	0.02102	0	0	2.11894	0.00224	0	1.81818	0.60332	0	0.08581	0	0.00019	0.34531	0.00337	0	0	0.12798	0.07548	0
ERR1018279	0	0.01011	0	0	0.0024	0	0	0	0	0	0.00502	0	0	0	0.00453	54.77372	0	0.01307	0	9.94974	0	0	0	0.12484	0	0.00178	0	0.00074	0.00553	0	0	0	0	0	0	0	0.00144	0.01261	0	0	0	0.1193	0	1.00089	27.1135	0.14465	0.04599	0	0	0.02264	0	0	0	0.00379	0	0.00338	0	0	0	0	0	0	0	0	2.82439	0.12738	0	0.0618	0.0056	0	0	0	0	0.00262	0	0.00224	0	0	0	0	0	3e-04	0	0	0	0	0	0	0	0	0	0	0	0.00293	0	0	0.00314	0	0	0	0	0	0.88173	0	0	0	0.04867	2.25023	0
ERR1018278	0	0	0.06919	0	0.39555	0	0	4.02059	0.10226	0.0312	0	0	0	0.02588	0	25.46726	0	0.09467	0	2.80944	0	0	0	0	0	0	0	2.9395	0	0	0	4.17729	0	0	0	0.03128	0.03567	0	0	0.01159	0	0	0.00124	0.0345	9.22016	0.02816	6.35824	0	0.01917	0.58218	0	0	0	0.05507	0.15144	0.00834	0	0.04183	0	0	0	0.03291	0.40483	0	0	0.38615	0	24.47219	0.00858	0	0.04203	0.03048	0	0.06018	0	0	0.1599	0	0	0	0.03531	2.68699	0	0	0	0	0	0	0.00318	0	0.00207	0	0	9.49084	0.00602	0.00299	4.77929	0.10821	0	0.13708	0	0	0.14001	0.00711	0.01957	0	0	0.27239	0
ERR1018277	0	0.01001	0	0	1.79779	0.05677	0	1.24212	0.56055	0	1.6246	0	0	0	0	6.51394	0	3.04208	0.11756	12.28064	0	0.00259	0	0	0.00508	0	0	0	1.27865	0	0.02295	3.45853	0	0	0	0	4.84322	0.00599	0	0.00482	0	0.00749	0	0.03951	0.11223	3.8335	11.95001	0	0.02484	0.59749	0	2.52847	0.13906	0.10256	0.11238	0.00242	0.00378	1.10222	0	0	0.00932	0.00685	0	0	0.03387	0.05361	0	0.00561	0	0	0	0.01148	2.01971	2.79697	0	0.00747	0	0	0.03904	0.17849	0	0.77824	0.1833	0	0	0	9.40089	0	7.69793	0	0	0	0	0.76205	0.03869	0.00551	2.30324	0.35139	0	0	0.00275	0	13.68485	0.0158	0	0	0	2.16493	0
ERR1018276	0	0	0.00681	0	0.07885	0	0	3.72612	0	0	0.22575	0	0.01491	0.0026	0	50.36832	0	0.61453	0	0.59903	0.28194	0	0	0	0	0	0	0.00404	0.04818	0	0.11696	1.45219	0	0	1.8832	0	0.14923	0	0	0	0	0	0	0	0.0043	5.79104	3.65904	0.00174	0.119	0.09333	0	0.52055	0	0	0.06441	0.00193	0	0	0	0	0	0	0.01453	0.00612	0	0.00938	2.8832	14.08377	1.09661	0	0	0.04983	0.21999	0	0	0	0.35117	0	0	0.31054	0.00828	2.89626	0	0.00308	0	0	0.62658	0	0	0	0	0	0	3.4141	0	2.967	1.12587	0.02484	0	0	0	0	0.03149	0.0212	0	0	0.00123	0	0
ERR1018275	0	0	0.15118	0	0.08505	0	0.02499	0.57907	0	0.15023	0.27923	0	0.03681	0.05836	0	20.95134	0	1.09319	0.01133	0.26768	0.02196	0	0.02604	0.11759	0	0	0	2.56313	0.55567	0.02898	0	2.78855	0	0	0.4254	0.00885	0.46636	0	0	0	0.02005	0	0.00298	0	0.02002	24.88662	4.81453	0	4.59416	0.11355	0	0.33352	0	0.0055	0.54859	0.06958	0	0	0.00874	3.06994	0	0.00218	0.29895	0.09853	0	0.05316	0	2.84189	0.00301	0	0	0.08861	0	0	0	0	0.06281	0	0	0.3027	0	2.17513	0	0.10568	0	0	2.77807	0	0	1.38742	0.01205	0.00938	0.00554	3.4478	4e-04	0.60941	14.51189	0.27574	0	0	0	0	0.59701	0	0	0.00929	0	1.14457	0
ERR1018274	0	0	0	0	0.0553	0	0.08344	2.56916	0	0	0.83233	0	0.00372	0	0	42.77019	0.42134	0.02799	0.01648	0.30379	0.09326	0	0	0	0	0	0.00559	2.33759	0.27606	0	0	9.05191	0	0.0774	0	0	0.22139	0	0	0.00102	0	0	0	0	0.00169	20.78623	1.90786	0	0.36069	0.01983	0	0.13973	0	0.01005	0.03674	0.01482	0	0.03746	0	0	0.01815	0	0	0.00505	0	0.06609	0	9.11811	0	0	0	0.00722	0	0	0	0	0.35315	0	0	1.36529	0.01526	2.24232	0	0.01218	0	0	1.51737	0	0.02165	0	0	0	0	2.32888	0	0	0.28795	0.03908	0	0	0.00047	0	0.02659	0.10783	0	0	0	0	0
ERR1018273	0	0	0	0	0.37454	0	0.62356	0.13079	0	0	1.84579	0	0	0	0	8.90777	0.25125	0.09673	0.03204	0.21885	0.63222	0	0.00639	0	0	0	0.01113	0.26969	1.20094	0	0.40074	0.90239	0	1.20997	0	0.01013	1.12925	0	0.00953	0.0095	0	0	0	0	0.47107	23.52649	8.15097	0	1.91024	0.04177	0.00612	0.66604	0	0	1.2686	0	0	0.00565	0	1.31671	0.06095	0	0	0.02197	0	0.33442	0	0.00022	0	0	0	0.00338	0.002	0	0	0	0.40343	0.00195	0	2.79192	0	1.00124	0.70522	0	0	0	0.05041	0	28.46596	0	0	0.05778	0	3.27625	0.00278	0.42259	5.05129	1.18573	0	0	0.14677	0	0.07359	0.007	0	0	0	0.0019	0
ERR1018272	0	0	0.00343	0	0.08852	0	0	17.92383	0	0.04652	0.4218	0	0.05904	0	0	30.73276	3.10665	0.59661	0.19152	0.40227	0.17887	0	0	0.12784	5e-04	0	0	1.18405	0.58911	0.11598	0	0.73087	0	1.2173	0.21117	0	0.28436	0	0.01445	0.00159	0	0	0	0.00276	0.38178	12.35202	4.26764	0	0.93229	0.05167	0	0.34981	0	0.04042	0.52706	9e-04	0	0.07648	0.00488	0	0.00146	0	0.04182	0.05324	0.63019	0.17329	0.01873	3.42445	0.00346	0	0	0.03855	0	0	2.08179	0	0.24272	0	0	0.46388	0.25152	3.58973	0	0.63143	0.00214	0	1.78974	0	0.00173	0.0369	0.00743	0	0.00387	4.75093	0	0.21496	3.5927	0.36687	0	0	0	0	0.23189	0	0.00958	0.07338	0	0.05488	0
ERR1018271	0.55616	0	0	0	0.1885	0	0.03042	1.34628	0	0.00528	0.06407	0	0.00856	0	0	2.89307	0	0	0.03863	0.33904	0.00962	0	0	0	0	0	0	1.68789	0.27483	0	0	0.4331	0	0.60256	0	0.02004	0.22455	0.17107	0.00978	0.00225	0	0.04604	0.00146	0.00232	73.19129	5.54201	2.42897	0	0.04515	0.07895	0	0.11467	0	0.00197	0.14063	0.04902	0	0	0	0	0.07323	0.00242	0	0.04812	0.96809	0.13392	0.12004	0.64002	0.12194	0	0	0.04821	0	0.16602	0	0	0.00205	0	0	0.73853	0	0.19562	0	0	0	0	1.16894	0	1.35805	0	0	0	0	1.19299	0	0.15303	1.84971	0.10511	0	0	0	0	0.22581	0	0	0	0.00162	0.12932	0
ERR1018270	0.2996	0.0017	0.00154	0	0.28103	0	0	0	0.00404	0.00524	0.38374	0	0.00767	0.00119	0	46.89554	0	0.36508	0.15209	0.41989	0	0	0	0	0	0	0	0.70282	0.15644	0	0.11838	0.70238	0	0	4.36577	0	0.98081	0	0	0	0	0	0.00137	0.043	0.00416	9.58134	5.18682	0	0.35661	0.06345	0	0.48848	0	0.00991	0.02762	0.00206	0	0.18158	0	0.00994	0	0	0	0	0	0.00478	8.06639	5.71174	0.01481	0	0	0	0.26576	0	0	0	0	0	0	0.04539	0.01766	2.58845	0	0	0	0	0.48319	0	0.00215	0	0	0	0.00096	5.95151	0.00188	0	4.14703	0.00048	0	0	0	0	0.35171	0	0	0	0	0.40231	0
ERR1018269	0.48963	0	0.00157	0	0.42527	0	0	3.41722	0	0	2.83815	0.00548	0.00334	0	0	40.81386	0	1.92639	0.17013	0.13404	0	0	0	0	0	0	0	0.08288	0.24651	0	0	0.53566	0	0	0.19102	0	0.98119	0.09047	0	0.01334	0	0	0	0.00951	0.05903	8.85944	4.38257	0	0.12744	0.14319	0	1.44337	0	0	0.32748	0.04312	0	0.01028	0	0	0.07692	0.01599	0.01686	0.03529	0	0.15065	0.00132	2.66504	0.02523	0	0.00113	0.03939	0	0	0	0	0	0	0	0	0	0.86859	0	0.14826	0	0	0.53974	0	0.00221	2.51593	0	0	0	16.76384	0	0.00401	8.04397	0.06105	0	0	0	0	0.01082	0	0	0.22456	0	0.01762	0
ERR1018268	0	0	0.02298	0	0.02779	0	0	5.18323	0	0.04732	0.77545	0	0	0.00697	0.03755	15.98779	0	0	0	0.97621	0.20512	0.0011	0	0	0.05601	0	0	0.10489	2.13405	0	1.39386	5.85167	0	0.00272	0	0	0.62788	0.04497	0.01304	0.00828	0	0	0.00045	0.00388	0	7.71277	5.79097	0.55814	1.93814	0.03036	0	0.80597	0	0	0.09607	0.00812	0	0	0.0133	0	0.05091	0	0	0.00742	0	0.03137	1.47167	7.83353	0.02003	0	0	0.02289	0	0	2.97213	0	0.17029	0	0	2.08097	0	2.08073	1.421	0.35708	0	0	5.53289	0	20.99527	2.3822	0	0	0	0.73233	0	0.1329	0.98619	0.105	0	0	0	0	0.00497	0	0	0.13814	0	0	0
ERR1018267	0	0	0.04017	0	0.18639	0	2.03274	1.67919	0.01198	0	0.03792	0	0.01979	0.01163	0	9.0638	0	2.16272	0.10954	0.20434	0	0	0	0	0.00391	0	0	0	0.62728	0	5.36655	3.16334	0	0	7.54144	0	0.13811	0	0	0.00424	0.00357	0	0.00061	0	0.27705	20.09427	1.8925	0.00031	0.98625	0	0	0.33966	0	0.00252	0.07874	0	0	0	0	0.24563	0.00612	0	0	0	0.00298	0.00358	0.74333	0.32349	0.01038	0	0	0	0	0.32631	0	0	0.25271	0.15354	0	0.4878	0.22708	2.09779	0.94645	0	0	0	0.03647	0	29.59766	0	0	0	0	3.1511	0.00162	0.09325	3.17396	0.03621	0.00137	0	0	0	0.02964	0	0	0	0	0	0
ERR1018266	0	0	0.09676	0	0.2237	0	0	6.66505	0	0.01134	0.52874	0	0.00388	0.02678	0	36.77769	0	1.85766	0.39568	2.04482	0.03767	0	0	0	0	0	0	0.35355	0.00248	0	0.78109	0.47739	0	0	2.87922	0.00641	0.66405	0.00938	0.01117	0	0	0	0.00264	0.00441	0.00682	3.01805	2.75526	0	0.77103	0.15506	0	3.65217	0	0	0.03773	0.05675	0	0	0.00064	0	0.02999	0.01079	0.012	0.05771	0	0.0806	1.48343	0.14246	0.00083	0	0	0.01993	0.00491	0	0	0	0.59462	0	0	0.87905	0	1.61968	0.75516	0.99257	0	0	0.71993	0	0.01795	0.07646	0.00085	0	0	6.95379	0	0.14255	20.48562	0.50945	0	0	0	0	0.01844	0	0	0.07614	0	0	0
ERR1018265	0	0	0.00098	0	0.09181	0	0.27961	6.52477	0	0	0.10606	0	0.00623	0	0	61.21306	0	0.29001	0.10941	0.5607	0.3551	0	0.00962	0	0.01356	0	0	0.5239	0.19676	0	0	1.20492	0	0.92267	3.19906	0	0.42486	0	0	0.00033	0	0	0	0	0.68002	7.48033	3.10022	0	0.00966	0.06441	0	0.63575	0	0	0.07895	0	0	0.07114	0.00068	0	0.00325	0.00051	0.01668	0.05535	0	0.00346	0.80547	0.12352	0.02097	0	0	0.02029	0.12302	0.00066	0	0	0.41637	0	0	0.41262	0	2.43841	0	0	0.00868	0	0.17773	0	0.00094	0	0	0	0	0.88678	0.04497	0.03837	5.69698	0.05838	0	0	0	0	0.16036	0.02963	0.1152	0	0	0.01123	0
ERR1018264	0	0.01428	0	0	1.02182	0	0	0.11493	0	0	0	0.32023	0	0	0	13.5617	0	4.86402	0.02692	3.05774	0	0.07523	0	0.10348	0	0	0.04415	0.22772	1.25034	0.00131	0	0.1246	0	0.30235	0	0	1.23629	0.09236	0	0.02748	0	0	0.00161	0.09141	44.02921	4.39911	4.83879	0	0	1.002	0	0.59386	0.00472	0.01807	0.06923	0.05052	0	0.44754	0	0	0	0.07964	0.00683	0	0.45426	1.15752	0	7.88312	0	0	0	0	0.04922	0	0	0	0	0.00109	0	0	0	0.18139	0	0	0	0	0.05161	0	0.07897	0	0	0.02919	0	0.3463	0.01851	0.00057	0.78272	0	0	0	0.09651	0	6.11192	0.00064	0	0	0	0.58495	0
ERR1018263	0	0.00331	0	0	1.29615	0.0019	0	0.00555	0	0	7.11532	0	0	0	0	18.26886	0	5.17154	0.00183	4.09644	0.03723	0	0	0	0	0	0.00237	0.04279	2.09543	0	0	1.91619	0	0	0	0	0	0.08004	0.00185	0.00616	0	0	0	0.45717	1.42276	18.38761	12.78588	0	0	0.41225	0	2.63925	0.01088	0.0119	0.00118	0.01056	0	0.92938	0	0	0	0.00069	0.02691	0	0.01315	0.07169	0	0	0.1615	0	0.00488	0	6.91781	0.21183	0	0.00479	0	0	0	0	0	0.16873	0	0.20205	0	0	0.29438	0	0.00322	0.72249	0	0	0.00377	3.13294	0.0027	0.01006	2.53084	0.75136	0	0.12783	0	0	2.51713	0	0	0.08967	0.02958	4.78821	0
ERR1018262	0.02038	0.00041	0.03428	0.001	0.06613	0	0.24023	2.9942	0	0.00138	3.50884	0	0.00558	0.01328	0	9.73561	0	2.14758	0.00652	0.29003	0.23301	0.00685	0	0	0.00042	0	0	0.04247	0.27979	0	0	4.97008	0	0	3.72851	0	0.34931	0	0	0.00394	0.00321	0	9e-05	0	0.10307	5.3137	8.72848	0	0.51597	0.03456	0	0.14735	0	0.01072	0.1927	0.00076	0	0.56125	0	2.68019	0	0	0.01233	0	0.17854	0.021	0.82571	0.39412	0.10655	0.04102	0	0	0	0.00382	0	0	0	0.06661	0	0.08587	0	0.30707	0	0.00449	0	0	0.01398	0	0.3251	0	0	0	0	31.49835	0.02005	4.29183	3.34363	0.2123	0	0	0	0	7.1882	0	0	0	0	4.06529	0.02226
ERR1018261	0	0.00468	0.00049	0	1.48489	0	0	0.00224	0	0	3.21143	0	0	0.00013	0	13.16234	0	6.68165	0.05636	8.49288	0	0	0	0	0.00893	0	0	0.05945	1.74131	0	0	6.64724	0.00092	0	0	0.0538	9.8793	0.76742	0.07633	0.01286	0	0	0.00318	0.08784	0.59973	23.13647	4.79703	0	5.45753	1.66227	0	6.50403	0	0.01928	0	0.11735	0	0.01623	0	0	0.0287	0.01416	0.16089	0.00075	0	0.17293	0	0.00075	0	0	0.00305	0	0	0	0	0	0.00261	0.00017	0	0	0	0.76231	0	0	0	0	0.6095	0	0.00153	0	0	0	0	0.0257	0.00578	0.05745	2.90155	0.04191	0	0	0	0	0.23833	0	0	0	0.08382	0	0
ERR1018260	0	0	0	0	0.03078	0	0.22439	1.06027	0	0	0.06427	0	0.01698	0	0	66.14682	0	0.50727	0.08038	7.71302	0.23425	0	0.00198	0	0.00389	0	0	0.29075	0	0	0	0.02775	0	0	0	0.02544	0.16851	0.01668	0.0053	0	0	0	0	0.03425	0.07457	1.34013	0.13822	0	0.02885	0.23729	0	0.15944	2.36469	0	0	0.00343	0	0	0	0	0.07563	0.01568	0	0.00955	0	0.16661	0	0.69781	0	0	0	0.00156	5.8573	0	0	0	0	0	0	0.01599	0	4.18755	0	0	0	0	2.47004	0	0	0	0	0	0	0.44465	0	0.00672	4.18373	0.11144	0	0	0	0	0.03537	0.01389	0	0	0.70684	0	0
ERR1018259	0	0	0.02679	0	0.47694	0	0.4972	3.64068	0	0	0.07495	0	0	0.00787	0	25.8032	0.19161	0.0853	0.01892	0.21389	0.05247	0	0	0	9e-04	0	0	0.98632	0.48899	0.0011	0	3.1653	0	0.12888	0.00735	0	0.38114	0.00381	0	0.00198	0.01494	0	0.00093	0.00094	0.89606	12.99583	7.4844	0	0.22201	0	0	0.43208	0	0.01597	0.08493	0.03479	0	0.26639	0	0	0	0.00446	0	0	7.58564	0.00646	0.20771	7.23919	0.03154	0	0	0	0	0	0	0	0	0	0	0.26154	0	1.94447	0	0.16293	0.00218	3e-04	0.5112	0	0	0.17564	0	0	0.001	11.69113	0	1.65666	8.62166	0.01303	0	0	0	0	0.12333	0	0	0.02192	0	0.06349	0
ERR1018258	0	0	0.04247	0.00188	0.24294	0	0	0.04262	0	0	0	0.87919	0.03158	0.01552	0	25.11606	0	9.83319	0.08281	7.63667	0.78997	0.01223	0	0	0.01877	0	0	0	0	0.05983	5.5097	0	0	0	0.2768	0	0	0.06955	0	0	0	0	0.00198	0.91348	0.44977	10.69151	0	0	0	2.33677	0	0	0.22142	0	0	0.02482	0	0.16732	0.00046	0	0.12425	0.15575	0.0086	0.02517	0	2.23534	0	0	0	0	0	0.05621	0	0.47605	0	0	0	0.23731	0	0	0.00829	13.25452	0	0.19274	0	0	1.00378	0	0	2.831	0.00527	0	0	2.50077	0.00152	0	8.98141	0.66824	0	0.34929	0	0	0.20913	0	0	0.27935	0.82625	0	0
ERR1018257	0	0.00357	0.38327	0	0.34745	0	0	0.76246	0	0.25534	0.58597	0	0.02085	0.09689	0	3.48143	0.262	1.57596	0.02498	4.44393	0	0.00918	0.04785	0.50628	0	0	0	0.08281	1.95361	0.10731	0	1.61944	0	0	2.88536	0.00032	3.70486	0.06277	0.04858	0.00515	0	0	0.00538	0.05554	2.76406	50.64359	5.55159	0	3.33561	0.03403	0	1.72792	0	0.03554	0.38455	0.10701	0	0	0.03661	0	0.08692	0.00814	0.57753	0	0.16809	0.0508	0.0128	4.23986	0.01711	0.22861	0.00645	0.01086	0	0	0	0	0.04988	0	0	0.09657	0.19949	0.0854	0	0.01481	0	0	0.03604	0	0.01309	0.00597	0	0	0.01279	3.1221	0	0.1793	0.69291	0.85404	0	0.00723	0	0	1.06858	0	0.05814	0.00181	0	0	0.02902
ERR1018256	0	0.00337	0.02979	0.00299	0.4836	0	0.02465	1.2362	0	0.00179	0.29448	0	0	0.01718	0	4.93916	0.0179	7.29642	0	0.84128	0.00251	0.00327	0	0	0.00072	0	0	0.27414	2.352	0	0	0.31759	0	0	6.2517	0	1.14397	0	0	0.00939	0.01751	0.00224	0.00013	0.01644	0.12917	15.47872	11.50025	0	0.2094	0	0	1.08661	0	0.00608	0.37224	0.00062	0	0.46632	0	0.03958	0.03027	0	0.02659	0	0.09116	0.01213	0.00089	0.13764	0.00832	0	0	0	0.24746	0.76016	0.40368	0	0.00928	0.41392	0	0.07521	0	0.94766	0	0.00078	0	0	0.06803	0	25.46423	0	0	0	0.00094	3.63333	0	0.17683	10.78998	0.05243	0	0	0.00046	0	1.33755	0	0.02529	0	0	0.41635	0
ERR1018255	0	0.00325	0.1131	0	0.10967	0	1.73034	7.06006	0	0.04938	0.62323	0	0.00373	0.02675	0	50.78855	1.39936	3.3672	0.0624	0.37833	0.6006	0	0.00665	0.00513	0.00093	0	0.045	0.21212	0.00082	0	0.0045	0.3474	0	0.95803	0	0.02783	0.48717	0.10616	0.02898	0.08045	0	0	0.0066	0	2.50786	1.27866	4.90642	0	0.4253	0.18407	0	0.64518	0	0	0.05945	0.04589	0	0.011	0.00265	0	0.08556	0	0	0.05988	1.06218	0.0702	2.5288	2.67916	0.16894	0	0	0.03081	0	0.13465	1.01958	0	0.29067	0.00338	0	0.61637	0.01151	2.12513	0	0.04472	0	0	1.39375	0	0	0.14369	0	0	0	2.7796	0	0.00844	5.21816	0.39969	0	0	0	0	0.32007	0	0	0.01308	0	0.05804	0
ERR1018254	0	0.00136	0.22969	0.00186	0.49775	0	0.21244	5.96192	0	0.02937	1.08125	0.0041	0.01492	0.05831	0	8.53618	0	16.2412	0.0819	2.75418	0	0.02917	0	0	0.10191	0.00863	0	0.49358	3.76671	0	0	0.8477	0.00124	0.48728	0.38079	0	1.47173	0.29579	0.00461	0.0172	0	0	0.00631	0.05651	0.17701	0.90533	2.2198	0	2.18495	0.09484	0	0.68303	0.0871	0.6434	0.21117	0.15639	0.00076	0.0027	0.00273	5.91553	0.06077	0.01567	0.09426	0	0.14186	0.05222	0	0.02934	0	0.00041	0.00353	0.04888	0	0.00319	0	0	0.04722	0.05805	0	0.09796	0.04773	0.3479	0	0	2.08371	1.68623	0.32271	0.98164	1.96912	0	0.0064	0.01408	0	3.97689	0.00035	0.47336	29.19437	0.40978	0	0	0.00035	0.58602	0.26443	0	0	0	0	0	0
ERR1018253	0	0	0.0365	0.00599	0.23762	0	0	0.22632	0.00672	0	0.19943	0	0	0.031	0	4.15876	0	25.58387	0	0.64367	0.22279	0	0	0	0	0	0	0	0.00839	0	0	1.10276	0.00176	0	7.1848	0	1.3309	0.03053	0	0.07749	0.02811	0	0.00399	0	0.51278	16.95164	2.63574	0.04465	0.91752	0.02016	0	0.72057	0	0	0.20261	0.16669	0	0	0	0	0.00029	0	0.1513	0	0.18616	0.00848	2.6099	0.29452	0.16841	0.00103	0	0.00146	0.00634	0.41121	0	0	0	1.56826	0	0.4175	0	0.29098	0	0.06999	0	0	0	0	7.50543	0.28669	0	0	0	7.58573	0.00162	0.68425	11.64963	0.0159	0	0	0.00049	0	0.54822	0	0	0.02727	0	0.00823	0.00305
ERR1018252	0.46389	0.0011	0.12937	0.0025	0.36844	0	0	0.05397	0.00963	0.00016	0.9892	0	0	0.0541	0	5.33297	0	4.52751	0.00879	0.6264	0	0.00231	0	0	0	0	0	0.26704	0.81914	0	0	1.20665	0	0	0	0	0.702	0.02491	0	0.0046	0	0.00935	0.00295	0	0.80429	33.58294	22.49605	0	0.44724	0.04373	0	0.645	0	0.01315	0.05011	0.013	0	0.00297	0	0.16839	0.02335	0	0	0	0.09036	0	0.75521	1.90654	0.00225	0	0	0	2.60474	0.45158	0	0	0	0.03691	0	0.00469	0	0.48231	0	0	0	0	1.57277	0	0.0017	0	0	0	0.00229	4.19137	0.00794	0.0093	13.33148	0.06942	0	0	0	0	0.57446	0	0.00555	0	0	0	0
ERR1018251	0.00034	0.00746	0	0	0.03843	0	0.63674	0.0206	0.00214	0.00119	0.47722	0	0.07349	0	0.01203	36.89751	0	0.23239	0	2.68013	0	0.00125	0	0	0	0	0.01666	0.22065	0.10223	0.00787	0	0	0	0	0.04476	0.00269	0.31915	0.09483	0.04783	0	0.02921	0	0	0.03223	0.74248	4.43342	4.11788	0	1.71721	0.14822	0	0.7906	0	0	0	0.05435	0	0.29537	0	0	0.02725	0.12989	0.30644	0.05992	7.73539	0.39292	0	0.69181	0.09619	0	0	0.01381	0	0.02022	0	0	0.43476	0	0	0.07801	0	3.64694	0	0.19286	0	0	0	0.00469	0.14789	0.86579	0	0	0	6.06452	0.00093	0.00095	23.18339	0.53037	0	0.00335	0	0	0.29552	0	0	0.05777	0	0.67991	0
ERR1018250	0.00067	0	9e-04	0	3.43808	0.00971	0.00272	0.98053	0.01026	0.026	1.945	0	0.00942	0.00183	0	4.44335	0	4.2775	0.05988	3.73736	0	0	0	0	0.00657	0	0	0.02291	0	0	0	0.01197	0	0	0.10183	0.16072	0.79399	0.96221	0	0.00112	0	0	0.00372	0.14123	0.24747	13.41272	33.31778	0	0.03163	1.13474	0	0.89137	0	0.01379	0	0.43887	0	0.41708	0	0	0	0.07293	0.15467	0.01593	1.12529	0.31607	0	0	0	0	0.00129	0	0	0	0.05355	0	0	0	0	0	0	1.71325	0	0	0	0	0	0	0	0	0.00673	0	0.00443	14.38281	0.00299	0.6427	7.68804	1.17061	0	0.38042	0	0	0.13648	0	0.0073	0	0.01028	0.19184	0
ERR1018249	0	0	0	0	0.09308	0	0.07422	1.56781	0	0.00259	0.57055	0	0	0	0	13.16912	0	0.87591	0.03006	0.42687	0.02466	0	0	0	0	0	0	0.13458	0.19705	0	0	5.49454	0	0	0	0	0.28921	0	0	0.00032	0	0	0	0.00877	0	2.45059	4.97142	0	0.20301	0.05506	0	0.27344	0	0.00207	0.11141	0.00055	0	0.53138	0	0.46442	0.00544	0	0.11283	0.00119	0.4713	0.01453	2.50054	1.3992	0	0	0	0.00507	0	0	0.00547	0	0.30464	0	0	0.16468	0	0.76667	0	0	0	0	2.6385	0	45.82296	0	0	0	0.00265	11.75764	5e-04	0.00845	1.60699	0.05991	0	0	0	0	0.12746	0.0241	0.05757	0	0	0.10932	0.00345
ERR1018248	0.13604	0.00067	0.00217	0	0.39358	0	0	3.26683	0.02082	0.07347	0.12866	0	0	0.00033	0	6.12397	0	2.65162	0.06927	2.21338	0.01406	0	0.05352	0	0.00224	0	0	1.38184	0.97928	0	0	3.55939	0	0.78752	0	0	1.48241	0	0.00525	0.01226	0	0	0	0.00447	6.04296	54.4253	2.03401	0	0.74559	0.04494	0	0.53217	0	0.03638	0.54934	0.11558	0	0	0.0095	0.15192	0	0	0.04312	0	0.07435	0.00122	0	2.20768	0.34319	0	0	0.02102	0	0.24784	0	0	0.02227	0.03703	0	0.15932	0.00981	0.8617	0	0	0	0	1.1935	0.01964	1.59738	0	0	0	0.00118	1.94458	0.00587	0.1282	1.02998	0.23814	0	0	0.21	0	0.63345	0.00138	0	0	0	0	0
ERR1018247	0.01822	0	0.07674	0	0.21088	0	0.01184	2.43891	0	0.03831	0.2743	0	0.00937	0.02671	0	18.4829	0	1.60724	0.0217	0.37615	0.133	0.02283	0.00885	0	0	0	0	0	0	0	0.04171	0.40183	0	1.23078	5.44673	0	0.56792	0.02523	0.00029	0.00594	0.02118	0	0.00115	0	47.18119	3.32531	2.23297	0	2.33784	0.10676	0.00083	0.74787	0	0	0.11995	0.03106	0	0.00408	0.00472	0	0.00751	0	0	0.03198	0.30277	0.05	0.58407	4.26181	7e-04	0	0	0.14655	0	0	0	0	0	0.00272	0	0.92737	0.15642	0.61605	0	0.00491	0	0	0.64661	0	1.7051	0	0	0	0	1.39776	0.02445	0.5144	0.57433	0.10092	0	0	0	0	0.32239	0.00267	0	0	0	0.02522	0
ERR1018246	0.33771	0	0.02551	0	0.53318	0	0	0.91507	0.1288	0	0.4577	0	0	0.01186	0	20.43799	0	2.73679	0.04714	3.26581	0.04975	0	0	0	0	0	0	0	1.84647	0	0	1.59658	0	0.235	0	0	0.60199	0	0	0.00446	0	0	4e-04	0.00139	1.50161	7.96561	16.48327	0	0.27426	0.01633	0	0.55463	0	0.0053	0.08384	0.01396	0	0.00088	0	0.60279	0.01602	0	0.0331	0	0	0.01005	3.69697	12.76041	0.02922	0	0	0	2.98626	0	0.10598	0	0.13763	0	0	0.38817	0	0.97895	0	0.00871	0	0	2.12529	0	0.00565	0	0	0	0.00178	12.60287	0	0.28966	1.80342	0.05284	0	0	0	0	0.48738	0.02059	0.00051	0	0	0	0
ERR1018245	0	0	0.0835	0	0.32003	0	0	1.91441	0	0.04452	0.23924	0	0.03768	0.02892	0	7.86874	0	0.76207	0.12947	1.51781	0.00717	0.00395	0.00835	0	0.0039	0	0	0.39948	0.63638	0	0.16943	6.4293	0	0	0	0	0.50373	0.04997	0.02594	0.00278	0.00078	0.01161	0.00298	0.05819	5.05144	29.3485	6.28968	0	0.89104	0.10807	0	0.65809	0	0.00389	0.4599	0.04603	0	0.05839	0.00189	0	0.00314	0.02055	0.32288	0	0.2507	0.16423	2.02575	3.56958	0.00247	0.00152	0	0.10482	0	0	0	0	0.12725	0.00231	0	0.02924	0	0.30575	0	0	0	0	0.08403	0	0.0016	0	0	0	0.00494	4.21742	0.00552	0.04846	23.13803	0.3014	0	0.08877	0	0	0.09801	0	0.04409	0	0.85241	0.00379	0
ERR1018244	0	0.00932	0	0	0.0721	0	0.40417	1.01183	0	0.04545	1.37672	0	0.02381	0	0	58.17852	0	4.57642	0.17658	1.78073	0	0.00877	0.00963	0	0.00423	0	0	0.00208	0.25206	0	3.47809	4.37577	0	0	0.36305	0	0.17948	0.10472	0.03281	0.01792	0	0	0	0.52703	0.45386	0.94701	4.8489	0	2.48586	0.42624	0	1.76159	0.00059	0.00294	0.00242	0.02586	0.05295	0.0108	0.00462	0	0	0.03473	0.03652	0	0.45327	0.30524	1.60432	0.00231	0	0	0	0.07569	0	0	0.00973	0	0.18127	0.00104	0	0.21013	0	2.89018	0	0	0.0128	0	0.98818	0	0.3439	0	0	0	0	3.51905	0	0.13548	0.00067	0.63744	0	0.23426	0.00039	0	0.15875	0	0	0	0	0	0
ERR1018243	0	9e-05	0	0.00175	1e-04	0	0	0	0	0	0.1892	0	0	0	0	87.67418	0	6.99601	0.0417	0.33735	0	0	0	0.02368	0	0	0	0	0	0	0	0	0	0	0	0	0.09096	0.0465	0	0	0	0	0	0.00163	0.15661	0.02415	0.00725	0	0	0	0	0	0	0.02167	0	0.01341	0	0.00546	0	0	0	0	0	0	0.07914	0	0	0	0	0	0	0	0	0.00112	0	0	0	0	0	0	0	2.34611	0	0.38398	0.00018	0	1.03812	0	0.00772	0.02385	0	0	4e-04	0.00274	0.00209	0	0.01047	0.00464	0	0	0	0	0.28763	0	0	0.02828	0	0	0
ERR1018242	0	0	0	0	1.03126	0	0	0.54469	0.01008	0	0.40818	0	0	0	0	17.57851	0	0.78398	0.01778	2.50048	0	0	0	0	0	0	0	0.0672	1.02337	0	0	0.43361	0	0	0	0	0.67753	0.11801	0	0.00142	0	0	0	0.00563	37.02788	2.82878	6.54619	0	0.01515	0.00878	0	1.30797	0	0	0.14182	0.05821	0	0.00123	0	0	0.0208	0	0	0	0	0.00728	0	2.08221	0.01878	0.00432	0	0	0	0.01618	0	0	0.03727	0	0	0.0848	0	1.27367	0	0	0	0	2.60315	0	0.00292	0	0	0	0	4.77218	0	0	15.77455	0.00995	0	0	0	0	0.12699	0.00369	0	0	0	0.01874	0
ERR1018241	0	0	0	0	0	0	0	0.15702	0	0	0	0.32692	0	0	0	72.1712	0	0.36209	0.33687	3.47548	0.25595	0.00679	0	0	0	0	0	0.17823	0.9024	0.02594	0	0.10309	0	0	0.64321	0	1.57335	0.24396	0	0.00321	0	0	0	1.09353	1.83191	0.00401	0.00214	0	0	2.16347	0	0	2.45987	0.04853	0	0.03044	0	0.0048	0	0	0	0.17197	0	0	0.00294	1.57063	0	0	0	0	0	0	0	0	0	0	0	0	0	0.50259	0	3.45991	0	0.26069	0.01634	0.14578	2.18657	0	0	1.54919	0	0.0018	0	0.44907	0	0	6e-04	1.06012	0	0	0	0	0.06097	0	0	0.04319	0	0.11321	0
ERR1018240	0	0	0.0141	0	1.79861	0	0	11.40174	0	0.00065	0.01552	0	0	0.00802	0	21.04052	0	0.06136	0	0.62308	0.04675	0	0	0	0	0	0	0.19403	0.91033	0	0	0.81763	0	0	1.80558	0	0.79321	0	0.00512	0.00278	0	0	0	0	1.18103	4.22655	12.11336	0	0.09937	0.01184	0.00088	0.49466	0	0.01458	0.19127	0.00332	0	0.70819	0	0.00378	0.01173	0	0	0	0.84027	0.0022	0.98857	3.65535	0.20991	0	0	0	3.44117	0.02224	0.47547	0	0.44476	0	0	0.82941	0	5.03554	0	0.01522	0	0	1.55013	0	4.02915	0	0	0	0.01931	12.64142	0.01002	0.10365	3.96028	0.02893	0	0	0	0	0.7032	0.00169	0.32862	0	0	1.10331	0
ERR1018239	0	0	0.53591	0.00492	0.05968	0	4.73145	2.02743	0	0.27462	2.55037	0	0.1011	0.14486	0	10.72518	0	19.03721	0.04735	2.243	0.00049	0.09757	0.19622	0.049	0	0	0	0.05309	4.6	0.05169	0.23629	0.4089	0	0.47367	0.00031	0	1.37867	0.03726	0.11747	0.01366	0	0	0.0119	0.00748	5.47218	2.32741	1.15132	0	0.54204	0.22147	0	0.93532	0	0.06348	2.40208	0.97581	0	0	0	0	0.39159	0	0	0.02068	0.19613	0.1132	0	0	0	0	0	0.0271	0	0	0	0	1.08648	0.00057	0	0.4236	1.24513	0.08019	0	0	0	0	0.21291	0	0.01335	0	0.01209	0	0	2.57633	0.0026	2.08678	24.74913	2.09043	0	0	0	0	0.36145	0.00243	0	0	0	0	0
ERR1018238	0	0.04544	0.27642	0.00071	1.26517	0	0	0	0.01092	0.00503	3.5597	0	0	0.07463	0.00085	5.90629	0	4.96395	0.23199	1.45287	0	0	0	0	0	0.00069	0	0.08404	1.52645	0.01454	0	1.07013	0	0	38.56694	0.01276	0.86232	0.24661	0	0.00418	0	0	0.00417	0.11357	0.76413	3.00232	15.4047	0	0	1.4138	0	0.57602	0	0.00717	8e-05	0.04686	0	0	0	0	0	0.02643	0.00575	0	1.10383	0.07723	1.20774	0.00195	0	0	0.0156	0	0	0	0	0.00063	0	0	0	0	0	0.16476	0	0.06786	0	0.00106	0	0	4.20793	1.09654	0	0	0	9.17422	0.01049	0	0	0.96032	0	0	0	0.00098	0.32204	0	0	0.00759	0	0.00205	0
ERR1018237	0	0.00269	0	0	0.16727	0	0	0	0	0	0.99991	0	0	0	0	55.38842	0	0.45756	0.26279	8.63552	0	0	0	0	0	0	0	1.16831	0	0.07235	0	0	0	0	5.08677	0	0	0.11696	0	0	0	0	0	1.2171	9.40574	5.94926	1.72742	0	0	3.27889	0	0.98053	1.92691	0.00176	0	0.01476	0	0.00402	0	0	0	1.06394	0.07072	0	0.47229	0.42748	0	0	0	0	0.00229	0	0	0.16765	0	0	0	0	0	0	0	0	0	0	0	0	0	0	0.00994	0	0	0	0	0.00319	0	0	0.00226	0	0	0	0	0	0.72435	0	0	0	0.10659	0.04308	0
ERR1018236	0	0	0	0	0.11888	0	2.76789	1.31843	0.01056	0	2.16874	0	0	0	0	10.03334	0	0.90166	0.07738	0.31677	0.19343	0	0	0	0	0	0	0	0.20614	0	0	0.44926	0	0	6.846	0	0.30778	0.05316	0	0.00057	0	0	0	0.00073	1.51897	0.23044	3.7444	0	0.08515	0.14567	0	0	0	0.00213	0.24069	0.00812	0	0.12524	0	0.16549	0.00226	0	0.00562	0	0.22622	0.00071	0.44175	1.62962	0.01609	0	0	0.03999	0	0	0	0	0.09145	0	0	0.14364	0	0.84108	0.68339	0	0	0	0.31662	0	61.95407	0	0	0	0	1.17807	0	0	0.08906	0.06975	0	0	0	0	0.2022	0.0018	0	0	0	0.02956	0
ERR1018235	0	0.00541	0.42208	0	0.07243	0	0.02709	3.12209	0	0	1.53492	0	0.03757	0.1167	0	28.16303	0.45408	1.03648	0.04979	1.56634	0.03343	0.00289	0.06713	0	0	0	0	0.03971	1.80375	0	0	1.14695	0	0	0	0	1.00555	0	0.01456	0.00957	0	0	0.00852	0.00019	0.02577	10.35421	17.02159	0	0.64566	0.0901	0	2.95947	0	0.01469	1.00955	0.07444	0	0.00859	0	2.22416	0.08335	0.001	0	0.00015	0.00281	0.02833	7.83581	2.84138	0.00151	0	0	0.0461	0	0	0.57537	0	0.16839	0.01104	0	0.432	0	1.25448	0	0	0	0	0.20213	0	0.0044	0	0	0	0.00854	8.63293	0	0.03076	2.27057	0.20686	0	0	0	0	0.16711	0	0	0	0	0.02648	0
ERR1018234	0	0.01466	0	0	0.02351	0	0	0	0	0	0.12662	0	0	0	0.00172	0.08652	0	0.21034	0.00013	0.17373	0	0	0	0	0	0	0	0	0.44662	0	0	0.11116	0	0	0	0	0.02645	0.00686	0	0.00048	0	0	0	0.01178	44.21755	0.16988	0	0	0.00363	0	0	0.18782	0	0.00201	0.00013	0	0	0	0	0	0	0	0.016	0	52.48274	0.0084	0.52314	0.00601	0	0	0	0	0.20733	0	0	0	0	0	0	0	0	0	0	0	0.00064	0	0.02114	0.0024	0.00717	0	0	0	0.00371	0.58047	0.00219	0	0.06433	0	0	0	0	0	0.15976	0	0	0	0	0.09021	0
ERR1018233	0	0.01968	0	0	0.66137	0	0	0.00022	0	0	3.66521	0	0	0	0.00359	48.5633	0	1.20478	0.09061	6.00643	0	0	0	0	0	0.00278	0	0.89161	7.13572	0	0	1.95819	0	0.00316	0	0	0.60577	0.04932	0	0.01698	0.00072	0.11113	0	0.04034	0.15083	2.96527	0.17188	0	0	0.21942	0	1.16121	0.01644	0.02009	0	0.00788	0	0.01372	0	0	0.00266	0	0	0	0.00981	0.1219	0.01823	0.04911	0	0.01143	0	0.00019	0.00857	0.0035	0	0.00352	0	0	3e-04	0	0	18.01164	0	0	0	0	2.33857	0	0.00539	0	0	0	0.00255	0.10962	0.00445	0	0.002	0.06508	0	0	0	0.0042	2.26303	0.00174	0	0	0	1.11632	0.0011
ERR1018232	0.18884	0	0.09298	0	0.57374	0	0.48791	1.3636	0	0.11085	0.21396	0	0.01988	0.04307	0	4.02405	0.10074	1.1174	0.01733	5.78344	0.02344	0.0016	0.18751	0.04503	0	0	0	1.5176	1.81815	0	0.04409	2.23217	0	3.51508	0.0014	0	2.08252	7e-04	0.05873	0.01745	0.28004	0.00538	0.00527	0.02541	2.06532	7.18723	12.77702	0	0.9049	0.07668	0	1.87998	0	0.01212	0.39473	0.0254	0	0	0.01028	0.69166	0.04179	0	0	0.00617	1.48412	0.01325	0.00183	10.04517	0	0.00195	0	0.00791	0	0.04998	0	0	0.02543	0.01752	0	0.27172	0.01166	0.33099	0	0	0	0	0.23376	0	3.98674	0	0	0	0.01307	12.6787	0.07841	0.95782	16.43458	0.49955	0	0	0.00295	0	0.19276	0	0.0132	0	0	0.0022	0.00059
ERR1018231	0	0.00279	0.00873	0	0.01747	0.00498	2.03294	7.48301	0	0.01939	0.15738	0	0.0798	0.00341	0	19.48717	0	0.08029	0.04232	0.32574	0.27589	0.00979	0.02057	1.16692	0.0185	0	0	0	0.07292	0	0	0.17405	0	0	0.12638	0.00333	0.33293	0.00134	0.01416	0	0	0.00107	0	0.0353	0.50451	17.737	2.88716	0	0.35332	0.11068	0	0.21305	0.38326	0.07994	0.16098	0.0077	0	0.65203	5e-04	0.00192	0.01103	0.0075	0.00727	0.57293	0.00315	0.07613	0	1.57119	0	0	0	0.02687	3.23909	3e-04	0	0	0.37103	0	0	0.17196	0	0.53539	0	0	0.10218	0.0054	1.85856	0	21.28654	0.01248	0	0	0	4.19351	0	0.15339	8.77275	0.1035	0	0	0	0.23272	0.32592	0.00843	0	0	0	1.25116	0
ERR1018230	0.00065	0	0.02451	0	0.02414	0	12.09417	5.62524	0	0.40908	1.07804	0	0.03537	0.00899	0	21.05965	3.42369	6.3425	0.09496	0.91899	0.20181	0.01824	0.13969	0	0.25999	0	0	2.35141	3.96888	0	0	0.45079	0	0.71241	0.00576	0	0.29013	0.10631	0.02585	0.02106	0	0	0.00129	0.12221	0.32234	4.50582	6.57246	0	2.01681	0.01554	0	0.08236	0	0.00109	0.05933	0.03086	0	0.00107	0.03326	0	0.30761	0.00932	0.2835	0	2.11233	0.08228	0.51255	0.01127	0	0	0	0.00602	0	0	0	0	0.62091	0.1568	0	2.0653	0.16371	8.20673	0	0	0.00077	0.00479	0.09227	0	0.06574	0	0.00245	0	0.00627	2.78674	0.0025	1.07904	6.10427	1.62193	0	0	0	0	0.00676	0	0.07892	0	0	0	0
ERR1018229	0.01276	0.04247	0.00214	0.00622	1.48067	0	0.02688	0.10627	0.20504	0.00041	4.20924	0	0	0.00054	0	0.99154	0.00596	7.67836	0.02441	1.82479	0	0	0	0	0.00517	0.00573	0	0.01215	2.62436	0	0	0.95775	0	0.00049	10.14439	0	1.08169	0	0	0.01983	0.00147	0.0058	0	0.02649	0.47426	10.28368	27.6899	0.01517	0.14759	0.01522	0	4.09753	0	0.07831	0.23264	0	0.00073	0.09359	0	0	0	0	0.32835	0.00568	0.24724	0	0	0.71406	0.01125	0	0	0	0.00032	0	0	0.00032	0.00134	0.02216	0.01522	0.0803	0	0.03837	0	0.01592	0	0.00085	0.0421	0	0.02636	0.00032	0	0	0.02425	14.7206	0.01147	0.00808	6.17958	0.01957	0	0	0.00041	0.00168	0.82043	0.00271	1.81864	0	0	0.20275	0
ERR1018228	1.2001	0.0047	0.15114	0	0.60399	0	0	0.2609	0.06718	0.07573	0.74217	0	0.00227	0.047	0	3.39949	0	7.70461	0.0053	2.07627	0.01177	0.01209	0.03526	0	0.01579	0	0	0.25503	2.9349	0	0.00786	0.8361	0	0	5.18007	0	4.23036	0.05914	0.00258	0.01496	0	0	0.00348	0.00146	0.00923	25.35092	7.01466	0.00469	0.56141	0.2361	0	0.22706	0.00137	0.01178	0.24833	0.01448	0	0	0.03263	0.06562	0.00974	0.00136	0	0.00916	0	0.13679	0.78694	0.4946	0.03518	0	0	0.00415	0	1.1564	1.15124	0.00208	0.07264	0.00098	0.00015	0.00957	0.05121	1.54864	0.11718	0	0	0	0.12909	0	7.91016	0	0.00255	0	0.00111	8.71248	0	0.27478	12.22431	0.32766	0	0	0	0	1.10969	0	0	0	0	0	0
ERR1018227	0	0	0.08714	0	0.23942	0.0011	0	3.00123	0	0	0.0634	0	0.00073	0.03357	0.00038	32.53755	0	0.99598	0.15265	0.81305	0.02473	0	0	0	0.02052	0	0	1.06639	0.9855	0	0.06276	0.22206	0	0	0	0	0.36053	0.05863	0	0.00247	0.0083	0	0.0017	0.00953	0.59545	0.82613	1.38791	0	0	0.07856	0	0.08738	6.1896	0.02347	0.01642	0.00758	0	0	0.00318	0	0.01406	0.11991	0.00081	0.02559	0.00996	0.40596	1.62558	7.41053	0	0	0	4e-04	22.16077	0	0	0	0.05993	0	0	0.23672	0	0.70593	0	0.04583	0.29152	0.03679	4.86064	0	0.72761	0.00278	0	0	0	6.81534	0	0.40192	3.59681	0.37657	0	0	0	0	0.09244	0.00145	0	0.00187	0	0	0
ERR1018226	0.00026	0.00128	0	0	0.17974	0	0.05911	0.01571	0	0.12319	0.28671	0	0.14846	0	0	17.08134	0	2.34408	0.00636	1.00791	0	0	0.00504	0	0	0.00113	0	0.23989	1.77954	0	0	2.1428	0	0.02455	0	0.06344	1.06806	0.06811	0.02262	0.00545	0	0	0	0.03595	0.04518	45.99317	3.03893	0	1.01935	0.00887	0	0.47935	0.05089	0.00045	0	0.09745	0.00073	0.06569	0	0	0	0.17605	0.09283	0	0.00766	1.20738	2.82155	0.46319	0.00774	0	0	0	0.18797	0.18932	0	0.00531	0	0	0	0	0.05644	0.87996	0	0	0.50001	2.11781	0.12342	0	0.00538	0	0	0	0.00034	0.9864	0	0.1484	10.67014	1.43292	0.00506	0	0	0	0.27428	0.00926	0	0	0	0.03269	0
ERR1018225	2.30815	0	0	0	0.06045	0	0	0.06769	0.01586	0	0.00451	0	0	0	0	1.74314	0	1.1252	0	0.16044	0.08655	0	0	0	0	0	0	1.54973	1.24875	0.00848	0	2.40061	0	0.27743	0.67304	0	0.31995	0	0	0.00538	0	0	0	0	0.00661	3.9174	4.73405	0	1.05273	0.06445	0.00595	0.02542	0.00112	0.0016	0.04237	0	0	0.01514	0	0.04324	0	0	0	0	0.00926	0	1.52227	0.19461	0.20989	0	0	0.00932	0.41662	0.13378	0.27993	0	0.16631	0.1602	0	0.81235	0	0.24415	0.04156	0	0	0	2.33985	0	60.63291	0	0	0	0	6.55478	0.04285	0.12704	1.64687	0.01507	0	0	0.0754	0	1.83827	0.09147	0	0	0	0.06138	0
ERR1018224	0	0.05985	0	0	0.04278	0	0	0.00393	0	0	9.9059	0	0	0	0.00323	9.73363	0	0	0	36.48731	0	0	0	0	0.05388	0.00875	0	6.66912	0	0	0	0.70144	0	0	0	0.00216	4.43735	0.05345	0	0	0	0	0	2.45373	3.65327	2.84855	10.79371	0	0	0.1839	0	0	0.02637	0.02006	0	0.01393	0	0	0	0	0	0.01627	0.01435	0	0	0.55459	0	7.48621	0	0	0	0	0	0	0	0.01487	0	0	0	0	0	1.10725	0	0	0	0.00466	0.31181	0	0.00361	0	0	0	0.21212	0.19091	0	0	0.00267	0.24328	0.00059	0	0	0.00743	1.53444	0	0	0	0.03076	0.06211	0
ERR1018223	0	0.00124	0.06788	0	0.03868	0	0.26705	10.23846	0.01295	0.0668	0.70797	0	0.10047	0.02495	0	13.33205	1.52872	5.96604	0.34606	4.12137	0.35135	0.14284	0	0	0.52692	0	0	0.90445	8.15154	0	0.00334	0.2416	0	1.14318	5.50958	0	0.93327	0.03373	0.01184	0.04256	0	0	0	0.09333	1.29924	4.14222	6.47858	0	1.10395	0.0434	0.00219	1.9892	1.18117	0.96497	1.08005	0.01241	0	0	0.06629	0	0.04843	0.00829	0.3693	0	0.06016	0.0021	0.77788	0.26586	0.09489	0	0	0.09065	0.75084	0.0391	0	0	0.34744	0.23454	0	0.35842	1.6717	0.31483	0	0	4.04818	1.58029	2.11066	0.10991	0.796	0	0	0	0.00701	5.72443	0.04851	0.5546	3.10092	2.3521	0	0	0	0.00136	0.13215	0	0	0	0	0	0
ERR1018222	0	0	0.10208	0	0.02289	0	25.26712	8.57752	0	0.07303	0.04225	0	0	0.03291	0	17.30083	1.69498	0.20404	0	0.58687	0.68026	0	0	0	0.25052	0.01966	0	1.21773	0.39786	0	0	0.31694	0	0	0.44075	0	0.20475	0	0.00072	0.00121	0	0	0.00266	0.01123	0.23772	20.74318	2.09546	0.02529	0.4426	0.02897	0.10534	0.33233	0.1819	0.07261	0.09384	0	0	0	0.00477	0	0.00029	0.01616	0.00083	0.00871	0	0.11484	0.94267	0.01212	0.0229	0	0	0.00608	0	0	3.26828	0.00033	0.23311	0	0	0.68127	0.0811	3.22088	0	0	1.22253	0.1902	1.93885	2.40616	2.80781	0	0	0.02695	0	0.33228	0	0.10411	0.12064	0.1233	0	0.03858	0.01332	0	0.16591	0.0019	0.02713	0	0	0	0
ERR1018221	0	0.01355	0.09336	0	0.08758	0	6.48032	12.81276	0	0.1398	1.32402	0.05607	0.20147	0.02195	0	12.59979	1.15565	0.01596	0.34036	1.55638	0	0.00831	0.02029	0	1.20458	0	0	0.98329	3.63001	0	0	0.39422	0	0	0.0053	0	1.20796	0.07198	0.03463	0.03929	0	0	0.00351	0.03219	0.04702	14.50071	0.70467	0	5.83037	0.67151	0.00153	0.60288	0.00401	0	0	0.07105	0	0	0.03377	0	0.06672	0.01988	0.07378	0.71053	0.00885	0.17969	0	0.04526	0.00071	0	0.00209	0.23128	0	0	0	0	0.22664	0.00113	0	0.00126	0.34414	4.5206	0	0	0	0.003	0.84647	0.03252	0.00395	0	0	0	0	2.74315	0	1.53386	17.74871	2.91191	0	0.34494	0	0	0.39046	0	0	0.00362	0	0	0
ERR1018220	0.27049	0	0.00893	0	0.61617	0	0.00541	5.37574	0.07547	0	0.13257	0	0.00634	0.00165	0	12.10587	0.37228	0.03054	0.1577	3.17985	0.2021	0	0	0	2e-04	0	0	0.38075	3.83228	0	0.1202	0.71749	0	0	5.83399	0.01947	1.61672	0	0	0.00783	0	0	0	0	1.05424	1.76213	4.63653	0	0.0615	0.14387	0.0031	0.50979	0	0.00535	0.15147	0	0	0	0.00074	0.26902	0.02066	0.00318	0	0.02582	0.19746	0.07954	3.44463	6.23586	0.06416	0.02802	0	0.04169	3.38068	0.35619	0	0	0.31607	0.00172	0	1.38521	0	1.44456	0	0	0	0	0.26088	0	27.25318	0	0	0	0.00032	9.94772	0	0.92397	0.32096	0.07917	0	0	0.00535	0	0.15351	0.03093	0	0	0	0.00878	0.00025
ERR1018219	0	0.0266	0	0	0.50485	0	0	0	0	0	0.01563	0	0.37035	0	0.00253	63.77825	0	0.08892	1.00819	2.18062	0	0	0	0.00616	0	0.0132	0.00425	0.07939	5.53778	0.01567	0	0	0	0	0	0.05846	0	0.01087	0	0.00786	0	0	0	0.56712	2.05642	0.41031	0.368	0	0.13807	0.26294	0	0.11296	13.95513	0.06996	0	0.02625	0	0.01989	0	0	0	0.0596	0.02936	0	1.61932	0.6603	0	1.21169	0.0345	0	0.01218	0.0018	0	0	0	0.0127	0	0	0.00518	0	0.10263	0.39741	0	0	0	0	0	0	0.57722	0	0	0	0.00215	0.60115	0.10928	0.0027	1.75075	0.21049	0.00135	0	0	0.00022	0.69812	0.1705	0	0	0	0.00684	0
ERR1018218	0	0	0	0	0.14234	0	0	8.86078	0.37145	0	1.06924	0	0.00085	0	0	19.34271	0.08195	0.56409	0.1102	1.14444	0.27871	0.00685	0.00378	0	0	0	0	0.3987	0.03746	0	0	0.16617	0	0	0.00314	0.05475	1.07761	0.0346	0.00296	4e-04	0	0	0	0	0.02311	0.36773	9.28167	0	1.20025	0.09913	0	3.62454	0.05988	0	0.32925	0.02728	0	0.02814	0.01484	0	0.03349	0.00087	0	0.02462	5.4129	0.05784	0	16.32669	0	0	0	0.0145	0	0	0	0	0.33644	0	0	0.74188	0	1.96791	0	0	0.00253	0	5.53848	0	16.81331	0	0	0	0	2.71468	0	0.00504	0.00461	0.01827	0	0.00122	0	0	0.16246	0.00998	0	0	0	0.99753	0
ERR1018217	0	0.00808	0	0.00115	0.68009	0	0	0.02575	0	0	5.5747	0	0	0	0	1.71479	0	7.6941	0.00113	3.83297	0	0	0	0.01268	0	0	0	0.00471	0.00049	0.00328	0	5.10253	0	0	0.00072	0	1.83385	0.57462	0	0.00342	0.01775	0	0.00177	0.07685	0.27672	9.74383	12.19848	0	0.02845	0.08799	0	3.63615	0	0.03832	0.27064	0.0767	0.00086	0.59935	0	0	0.01008	0.00177	0.10251	0	1.9365	0	13.75957	1.38347	0.08055	0	0	0.00118	6.10957	0.0025	0	0.00217	0	0	0.01248	0.00109	0	0.1994	0	0.02298	0	0	0.33444	0	0.00095	0.39498	0	0	0.00409	13.23458	0.01998	0	0.54292	0.0585	0	0	0	0	3.74253	0	0.03975	0.02842	0	3.74213	0
ERR1018216	0	0.00085	0.00108	0.00368	0.29849	0.0021	0.00437	1.14179	0	0.01775	0.52635	0	0.02122	0.00018	0	26.0007	0	18.97713	0.33892	1.02252	0.19509	0.02891	0.00508	0.00618	0.03986	0	0.01118	0.04823	10.30559	0	0	2.52471	0	0	15.96366	0.01539	3.10202	0.45498	0.06835	0.03297	0	0.06071	0.00254	0.09313	0.97444	0.71536	1.55331	0	2.24871	1.98878	0	0.36748	0.10513	0.02878	0	0.2191	0	0	0	0	0.55289	0.08354	0	0.00802	0	1.09744	0	0.00259	0.05664	0	0	0.30614	0	2.01922	0	0.00129	0.14139	0.00149	0	0	0.0136	1.85497	0	0.02329	0.05206	0.02037	0.04925	0.0958	0.04521	0	0	0.03273	0	1.81976	0	0.98787	0.03633	0.6147	0	0.01188	0.00066	0	0.22683	0.03015	0.29312	0	0	0	0
ERR1018215	0.01053	0.05286	0.00572	0.00123	3.75487	0	0	0.15382	0.03554	0	12.06935	0	0	0.00153	0.00598	22.99904	0	2.68559	0.00273	11.40323	0.00217	0	0	0	0	0.0096	0	0.06587	9.06305	0	0	1.65791	0	0.00516	2.52473	0	2.84389	0.02319	0.00931	0.03502	0	0	0	0.07169	1.29391	4.53668	4.03344	0.00345	0.01437	0.01397	0	0.51368	0.0093	0.02389	0.57124	0.0019	0	0	0	0	0	0.00115	2.11595	0	0	0.00595	0.23449	0.42558	0.00549	0	0	0	0.07409	0	0	0.00858	0.03814	0.01261	0	0.00344	0	0.43925	0	0	0.0089	0.00091	0.00837	0	10.37368	0	0	0	0	2.02406	0	0	1.14477	0.00033	0	0	0.00034	0.00435	1.91075	0	0	0	0	0.63711	0
ERR1018214	2.58703	0.00078	0	0	0.03644	0	0	3.50943	0	0.0077	0.01263	0	0	0	0	72.80916	0.07783	0.35472	0.55105	0.18576	0.15498	0.00366	0	0	0	0	0	0.32698	0.06867	0	0	0	0	0	3.46607	0.0217	0.03722	0.00314	0	0	0	0	0	0.00131	0.1663	1.35583	0.58622	0.02321	0.09191	1.11861	0	0.16883	1.09337	0.00801	0.00638	0	0	0	0	0	0	0.01558	0.00168	0	0	0.2331	0	0.68957	0	0	0	0	1.44495	0.38114	0	0	0.31711	0.01015	0	0.00324	0	4.3696	0	0	0	0	0.59934	0	1.60339	0	0.00035	0	0	0.46234	0	0.0101	0.19431	0.54233	0	0.03725	0	0	0.19398	0	0	0	0	0.01841	0
ERR1018213	3e-04	0.44286	0.00164	0.00115	1.77012	0	0.10691	0.00837	0.03871	0	18.57729	0	0.00237	0.00129	0.26503	2.4068	0	4.43411	0.02775	19.78851	0.00092	0.04516	0	0.0193	0	0.04361	0	0.00304	5.70565	0.00383	0	0	0.00195	0	0	0	5.58658	0.71513	0	0.03123	0	0.01612	0.00592	0.23097	6.84755	2.70998	1.13737	0	0	0.37059	0	0	0.01766	0.04333	0	0.16451	0.0033	0	0	0	0.30958	0	0.07584	0	0.0149	0.2869	0.08297	18.3425	0.02118	0.18122	0	0	0	0.01356	0	0.05036	0	0.00073	0.01697	0	0	0.12883	0	0	0.01434	0	0.13348	0	0.00167	0	0	0	0.00986	1.15162	0.0703	0	0.0036	0.3709	0.00802	0	0.00127	0.04549	6.68753	0	0.00545	0	0.11176	0.10054	0.00573
ERR1018212	0	0.00743	0.38127	0.03234	0.00313	0	0.46694	0.57277	0.03333	0.40405	0.18383	0	0.04569	0.09269	0	17.09332	0.58343	36.28578	0.17867	0.38743	0.007	0.06126	0	0	0.35446	0	0	0.11954	1.28828	0.00358	0.32492	0.24773	0	0	1.10045	0	0.32547	0.18044	0.14877	0.01459	0	0	0.00832	0.91197	1.11698	6.10764	0.82291	0.49142	4.76075	0.38413	0.00157	0.05229	0	0.01083	0.20787	0.03486	0	0.00413	0.00778	0	0	0.1074	0.0182	2.48657	0	0.35951	0	0.11193	0	0	0	0.21291	1.72157	0.13051	0.02041	0	0.04957	0.07445	0	0.07399	0.06021	1.23357	0	0	0.01752	0	2.74638	0	0	0.00112	0.03716	0	0	5.5178	0	0.78242	6.71059	1.52489	0	0	0	0.0012	0.14806	0	0	0	0	0	0
ERR1018211	0	0.00558	0.18652	0.01098	0.41581	0	0.75144	8.0834	0	0.08824	0.49798	0.00737	0.04592	0.05281	0	12.48893	0	15.36938	0.05258	1.30262	0	0.0915	0	0	0.20662	0.00422	0	0.38425	2.42322	0	0	0.70363	0	0.49191	0.829	0	0.86311	0.30889	0.00472	0.01545	0	0	0.00739	0.02124	0.52612	1.39494	0.92944	0	3.8756	0.07223	0.0022	0.33665	0.2411	1.98389	0.37879	0.22124	0.00016	0.0082	0.01249	4.34508	0.21694	0.03164	0.05069	0	0.29026	0.09541	0	0.02954	0	0	0	0.05618	0	0.00334	0	0	0.03964	0.07288	0	0.16816	0.0804	0.35879	0	0	7.96879	0.74868	0.08293	2.52935	1.01406	0	0.00708	0.04564	0	2.77406	0.00535	0.49699	19.0219	1.83368	0	0	0.00052	1.73232	0.17383	0	0	0	0	0	0
ERR1018210	0	0	0.00147	0	0	0.00165	0.45481	3.50772	0	0	7.22018	0	0.09512	0.0017	0.00215	34.5508	0	22.50903	0.13886	5.32817	0.27651	0.11646	0	0.04529	0	0	0	2.28267	0.00137	0.00317	0	0	0.00103	0	4.16542	0	0.00124	1.03169	1.21007	0.00165	0	0.0294	0.00743	0.78616	0.86347	0.00492	0.00228	0	0	2.86819	0	0	0.05742	0	0	0.21532	0	0	0	0	0.45183	0.10889	0.19441	0.023	0.70932	4.24423	0	0.01783	0.00258	0	0	0.07144	0	0.03385	0	0	0	0	0.00019	0	0	0.85091	0	0	0	0	0.11531	0	0.00086	0	0	0	0	0	0.00493	0.00845	0.00014	3.09245	0	0.35693	0	0	1.81546	0	0	0	0.0898	0.00903	0
ERR1018209	0	0.00316	0.06991	0	0.27186	0	0.00037	3.05815	0	0	0	0	1.17632	0.02656	0	55.07985	0	3.12976	0.4263	1.05772	0	0.04543	0	0	0	0	0	0.02334	0.59601	0.00778	0	0.13418	0	0.4626	1.08749	0.00595	0.56771	0.18785	0	0.25496	0	0	0.0038	0.13546	0.97424	0.51695	5.32354	0	0.255	0.27611	0.00231	0	0.00352	0.0209	0	0.09203	0	0.0996	0	0	0	0.14739	0.02774	0.00846	0.06365	0.61837	0.77053	0	1.3433	0	0	0	0.59732	0	0	0	0.12057	0	0	0	0.74602	7.04146	0	0	0	0	0.80777	0	0.0062	0	0	0.26934	0	2.55974	0.00052	1.12743	7.68031	0.02708	0	0.30913	0	0	0.33643	0	0	0	0	0.00846	0
ERR1018208	0.01088	0.00124	0.02647	0	0.05339	0	0.00476	0.0199	0	0.00297	0.09423	0	0.00181	0.00715	0	1.44673	0	0.56195	0.01806	1.04416	0	0	0	0	0.00052	0	0	0.04032	0.74447	0	0	0.73289	0	0	0.71253	0	0.40096	0.01553	0.00573	0.00417	0	0	0.00072	0.01582	81.4059	6.73257	0.41614	0	0.00207	0.03184	0	0.1221	0	0	0.47023	0.00304	0	0	0	0	0	0	0.00075	0	0.02084	0.01709	0.17087	0.89691	0	0	0	0	0.01122	0.00103	0	0	0.00309	0.00053	0	0.06534	0	0.0197	0	0	0.00034	0	0.05373	0	0	0.00756	0	0	0	0.0768	0	0.00574	3.00656	0.35981	0	0	0	0	0.13082	0	0	0	0	0	0
ERR1018207	0	0	0.07246	0	0.04922	0	0.00038	1.23945	0.06687	0	0.0421	0	0	0.0271	0.00373	35.3393	4.20897	1.11749	0.20329	0.73518	0.07263	0	0	0	0	0	0	0.40371	0.73247	0	0	0.27103	0	0	0.08935	0	0.9978	0.06028	0	0.01782	0.01003	0	0.00117	0.01569	0.32266	11.30072	2.26998	0	0.00425	0.1144	0	0.06166	0.10062	0.08883	0.03969	0.02132	0	0	0	0	0.01951	0.01905	0	0	1.19333	0.04343	0.11621	0	0.0059	0	0	0	6.86378	0.21902	0	0	0.19871	0	0	0.32436	0	23.24585	0	0	0.13838	0.0496	0.59158	0	0.49864	0	0	0	0	5.0665	0	0.02117	0.88594	0.04422	0	0	0	0	0.22122	0.06814	0	0	0.05051	0	0
ERR1018206	0	0.01176	0	0	0.41153	0	0.15277	0.00445	0	0	3.50795	0	0	0	0	6.057	0	14.32706	0	2.17651	0	0	0	0	0	0	0	0	1.19024	0	0	0.04428	0	0	0.00814	0	0.88942	0	0	0.00406	0	0	0	0	0.28063	0.31212	6.20319	0	0	0.00425	0	0.26092	0	0.01385	0.1281	0	0	0.02291	0	0	0	0	0.00183	0	0	0.00824	0	0.03835	0	0	0	0	0	0	0	0	0	0	0	0	0	0.0113	0	0	0.00047	0	13.48722	0	35.45989	0	0	0	0	6.33478	0	0	0.30824	0.00898	0	0	0	0	0.10731	0	0	0	0	0.2401	0
ERR1018205	0.01111	0.01139	0	0.01316	0.12079	0	0.00368	0.00758	0.01162	0	0.44927	0	0	0	0	54.52011	0	11.73317	0.37594	0.72594	0	0	0	0	0	0	0	0	2.88566	0	0	0.32193	0	0	0.00128	0	0.48731	0.03329	0	0.00799	0	0	0	0.00935	0.48148	4.43089	2.38847	0	0.01044	0.24318	0	1.21846	0.01002	0.06205	0.03747	0.00736	0	0.04089	0	0	0	0.00013	0	0	0.12924	0	0.12395	0.13567	0.13781	0	0	0	8.28969	0.08703	0	0	0	0	0.00377	0.00297	0	1.67139	0	1.08766	0	0	0.16671	0	0.00643	0.95421	0	0	0.00348	2.17065	0.00335	0	1.00181	0	0	0	0	0	2.9577	0	0	0.17837	0	0.17921	0
ERR1018204	0	0	0	0	0	0	72.06619	0.00099	0	0	0.01514	0.31749	0	0	0	4.72169	0	0.01212	0	0.35827	0	0	0	0.04204	0	0	0	0	0.00161	0.00665	0	0	0	0.01458	0	0.0603	0	0	0	0	0	0.00025	0	0.07796	2.73604	0.01775	0.00288	0	0	0.14211	0	0	1.60701	0.00265	0	0	0	0	0	0	0	0.13685	0	0	0.09193	5.38848	0	0.01346	0	0	0	0	0	0	0	0	0	0	0	0	0	0.00498	0	0	0	0	0.00048	0	0.00157	0	0	0	0	0	1e-04	0	0	4.59163	0	0	0	0	0.0196	0	0	0	0	7.22817	0
ERR1018203	0	0.00081	0.00252	0	0.10154	0	4.09261	5.0547	0	0	0.10737	0	0	0	0	37.74762	0	1.92651	0.49072	8.80877	0.05695	0	0	0.01559	0.0169	0	0	0.04813	3.79147	0.00267	0	0.02613	0	0.00423	0	0	1.88422	0.14999	0.01403	0.0102	0	0.00451	2e-04	1.11762	1.03725	0.28555	0.22058	0	0	0.15334	0	0	7.70195	0.01183	0.00338	0.02997	0.00226	0	0	0	0	0.05556	0	0	0.04152	0.713	0	0.04242	0	0	0	0	2.67176	0.03947	0	0	0	0.00029	0	0	0	14.12796	0.32481	0	0	0	0.75583	0	4.79237	0	0	0	0	0.87414	0	0	0.06275	0.02225	0	0	0	0	0.10737	0	0.00514	0.34846	0.07894	0.01382	0
ERR1018202	0	0	0.00167	0	0.0483	0	0.06022	1.69602	0	0	0.25574	0.15923	0.02057	0	0	42.9898	0	0.17786	0.16643	1.92414	0.01445	0	0.00991	0	0.00232	0	0	0.17384	0.379	0.02327	0	0.11513	0	0	0	0.00381	0.23221	0.11147	0.06431	0.00061	0	0.20628	0	0.04971	33.69046	3.81585	0.86136	0	0.17468	0.04599	0	0.08868	0	0.18432	0.00344	0.06583	0	0	0.00054	0	0.09226	0	0	0	7.38291	0.06756	0	0.2626	0.01223	0	0	0	0	0	0.0316	0	0.05296	0	0	0.09584	0	1.28044	0	0	0.10031	0.00651	1.00004	0	0	0	0	0.0517	0	0.65305	0	0	0.53321	0.54618	0	0	0	0	0.01313	0	0	0	0	0	0
ERR1018201	0.00316	0	0.19629	0	0.74374	0	0.08799	5.79632	0	0.00388	2.67253	0	0.04404	0.07099	0	36.59234	0	0.10301	0.5494	1.87382	0	0	0	0	0	0	0	0.16646	0.00378	0	0	2.17265	0	0	0	0	1.30415	1.21583	0.17334	0.00118	0	0	0.01263	0.3712	10.05541	1.15818	2.75959	0	2.23602	0.27982	0	0.53528	0	0.00272	0	0.23561	0	0.00098	0	0	0	0.19012	0	0.11764	0.34203	2.04603	0.09389	8.87044	0.00468	0	0	0.00139	0	0	0	0	0	0	0	0.40203	0	9.85652	0	0	0	0	1.59429	0	0.00076	0	0	0	0	0.82993	0	0.00624	3.72577	0.35242	0	0.00962	0	0	0.11265	0	0	0	0	0.02121	0
ERR1018200	0	0.06586	0.00408	0	3.83038	0	13.15328	0.00127	0	0.3032	2.70236	0	0.02942	0.00399	0.0135	3.04452	0	11.66524	0	11.56393	0	0.07697	0	0	0	0.00934	0	0	3.87871	0.00764	0.01634	0	0.00249	0	0.00126	0	6.11834	1.11556	1.28279	0.01672	0	0	0.01456	1.79479	0.14194	0.91369	0.37407	0	0.34572	0.29368	0	0	0	0.21367	0	1.14055	0	0.08512	0	0	0.02935	0.11001	0.00507	0.00677	0.00803	1.47514	0.13832	0	0.00212	0	0.00012	0.00045	0	0	0.01862	0.00751	0	0.00215	0.00492	0	0	1.79375	0	0	0.00911	0.00148	0.04778	0	0	0	0	0	0	3.59409	0	0.1073	26.83311	1.02181	0.03549	0	0.00259	0.0397	0.08789	0	0	0	0.00714	0.08636	0
ERR1018199	19.41266	0	0	0	0.53912	0.03792	0.01017	0.84779	0	0	4.37651	0	0.04528	0	0	47.8994	0.00786	1.35952	0.01701	4.64924	0.02067	0	0	0	0	0	0	0.147	0.27184	0	0	0	0	0	0	0.01504	0.86568	0.59642	0.21365	0.02227	0	0	0.00026	1.31217	0.30016	0.07135	0.02464	0	0.04722	1.09969	0	0	0.01726	0.00237	0	0.10472	0.00402	0.00606	0	0	0	0.12919	0	0	0.23974	8.02961	0	0	0	0	0.0513	0.01051	0.05309	0.01517	0	0	0.02736	0	0	0	0	1.17256	0	0	0	0.1532	2.09271	0	0	0	0	0	0.00444	0.00836	0	0	0	0.6808	0	0	0	0.02888	1.59923	0	0	0	0	1.29851	0
ERR1018198	0.00177	0.15778	0	0	1.108	0.02887	0.00662	2.91839	0	0	0.07236	1.58259	0.35352	0	0.01701	18.36965	0.0019	1.53293	0.5561	3.60076	0.04999	0.03	0	3.52717	0.00458	0.01023	0	6.19943	2.19015	0	0	1.40522	0.00055	1.10422	0.12858	0.15121	2.03409	0.22535	0.93511	0.01709	0.08025	0	0.00316	0.02259	0.87877	0.57243	4.7957	0	0.14363	4.29767	0	1.05445	2.53208	0.48756	0.54593	0.13679	0.00081	0	0	0	0.33659	0.72937	0.00685	0.01197	6.40114	1.39186	0.57282	2.46951	0.00158	0	0	0.0074	4.07676	0.53822	0	0.00194	0.07553	0.0025	0	0.01679	0.00433	0.46117	0	0.04827	1.00506	0.01047	1.32903	0	0.00321	0.00064	0	0	0.00533	5.21901	0.02554	1.86596	1.56347	6.40969	0.00075	0	0.00056	0.01071	1.16776	0	0.02143	0	0	0	0
ERR1018197	0	0	0.05313	0.01827	0.18317	0	0.02307	5.345	0	0.02002	0.33732	0	0.03417	0.01708	0	18.30049	1.29478	32.61792	0.05759	0.31222	0.24398	0.00445	0	0.00223	0	0	0	0.10518	0.44548	0.22845	0	0.403	0	0	0	0	0.34219	0	0.07078	0.00238	0	0.00179	0.00052	0.00661	3.29663	15.6984	2.98335	0	0.59864	0.00839	0	0.27966	0	0.00196	0.09064	0.00126	0	0	0	0.04772	0	0.02804	0	0.00209	0.27084	0.0171	0	1.26963	0.01729	0.0191	0	0.01432	1.42913	0	0.04278	0	0.18065	0	0	0.57078	0.14187	1.20729	0	0	0.00166	0	0.30909	0	0.00012	0	0	0	0	2.05335	0	1.28226	6.94794	0.38198	0	0	0.00112	0	0.29516	0	0	0	0.00231	0.02635	0.00187
ERR1018196	0	0.02233	0.05526	0	0.07533	0	0.01524	5.26259	0.0157	0	0.02834	0	0.01718	0.02083	0	19.07097	0.22468	0.11475	0.3403	0.1725	0.26006	0.00282	0	0	0.01832	0	0	0.00492	0.44662	0	0.05324	0.21377	0	0.98868	4.77122	0.00055	0.28989	0	0	0.0067	0.03254	0	0.0026	0	0.19252	16.03224	1.96598	0	0.48449	0.04507	0	0.17062	0	0.22138	0.1378	0.00101	0	0.00883	0.01264	0.00721	0.01167	0	0	0	0.83096	0	0	0.00846	0	0.00563	0	0.00169	1.31291	0	3.64661	0	0.12877	0.00583	0	0.27107	0	3.95701	0.36708	0	0.00403	0.00097	0.00825	0	33.92831	0	0	0	0	1.41801	0.15819	0.00287	1.44286	0.12868	0	0	0.01461	0	0.48568	0	0	0	0	0.01019	0.00024
ERR1018195	0	0.00106	0	0.00246	0.31344	0	0.00122	0.00276	0	0	0.88366	0	0	0	0	67.50427	0	9.64293	0.15813	0.16378	0	0	0	0	0	0	0	0	0.69442	0	0	0	0	0	3.28245	0	0.68237	0.10016	0	0.00208	0	0	0	0.00071	0.00868	4.82937	1.57579	0	0	3.4227	0	0.5802	0.00577	0	0.00741	0.01929	0	0.00065	0	0	0	0	0	0	0.00865	0.04582	0.00193	0	0	0	0	0	0.01206	0.32087	0	0	0	0	0	0	0	0.59851	0	0.17481	0	0	0	0	0.0014	2.37028	0	0	0	1.28783	0	0	0.0727	0	0	0	0	0	0.70316	0	0	0.50657	0	0.00967	0
ERR1018194	0	0.00586	0.00039	0	0.15053	0	0.34277	2.01058	0.00863	0.00567	0.01755	0.13991	0.14027	0	0	17.39075	0	0.03961	0.18848	0.85512	0.12847	0	0	0	0	0	0	0.00713	0.78803	0.01672	0	0.55188	0	0	0.00175	0	0.82855	0.04358	0.00161	0.00152	0	0	0	0.0319	7.07911	5.23212	0.60446	0	0.48964	0.10296	0	0.21032	0.05446	0.05118	0.44185	0.01031	0	0.73382	0.00558	0.07167	0	0.00433	0	0.01153	28.03882	0.05575	0.00622	0	0.54735	0	0	0	0	0.00214	0	0.00051	0	0	0	0.10178	0	5.09463	0	0.65167	0.00244	0	1.61958	0	13.96757	0.51089	0	0	0	3.77224	0.02685	0.01052	1.23879	0.24034	0	0	0	0	4.46443	0	0	0.07163	0.18528	0.58573	0
ERR1018193	0	0	0	0	0.0398	0	0.00594	2.05018	0	0	0.01928	0	0	0	0	37.97425	0	0.13019	0.07799	0.449	0.25922	0	0	0	0.00287	0	0	0.02701	0.17983	0	0	0	0	0.17975	0.00021	0.01508	0.1867	0.01073	0.00052	0.00154	0	0	0	0.00228	37.61745	1.50745	0.12673	0	0.33875	0.19136	0	0.14638	0.27301	0	0	0.00758	0	0	0	0	0.00092	0.00684	0	0.00309	0.34704	0.06294	5.37524	2.89	0.00014	0	0	0.00163	1.12875	0.02273	0	0	0.41525	0	0	0.22224	0.00218	1.5733	0	0.05057	0	0	0.00726	0	0.00393	0.09603	0	0	0.0023	5.71441	0	0	0.00366	0.0715	0	0	0	0	0.00848	0	0	0.10483	0.06373	0	0
ERR1018192	0.00977	0.00178	0	0.00253	0	0.0193	0.00178	0	0	0	0	0	0.00547	0	0	46.31315	0	21.1718	0.02714	4.09629	0	0	0	0	0	0	0	0.00199	0	0	0	0.07109	0	0	0.00735	0	0	0.24022	0.00192	0	0	0.00117	0.00071	1.05209	0.58162	12.8391	0.00222	0	0.22602	1.73541	0	0	0.34983	0.13144	0	0.04678	0	0.00555	0	0	0	0.04951	0.13526	0	0.00213	0.33375	0	0	0	0	0	0	0.0075	4.37937	0	0	0	0	0	0	0	3.34576	0	0	0.2257	0.15434	0.72958	0	0	0	0	0	0	0.30607	0.02533	0.09855	0	0.08784	0	0	0	0	0.05985	0.0074	0	0	0	0.03624	0
ERR1018191	0	0.10757	0.16452	0	0.30319	0	0.00206	0.23871	0	0.13722	0.79352	0	0	0.06194	0.08917	2.83157	0	10.20044	0	0.91468	0	0	0	0	0	0.00312	0	1.11925	5.12372	0	0	0.51971	0	0	3e-04	0	1.0887	0.06121	0	0.70583	0	0.38679	0.00793	0.11832	9.90878	37.01931	0.0043	0	0.04991	0.47476	0	0.18501	0	0.00756	0	0.26497	0	0	0	0.00026	0	0.20348	0.15382	0	0.04271	0.43486	0	0	1.57372	0	0	0	0	0	0	0.00424	0	0.01238	0	0	0	0.07411	0	0	0.00376	0.00206	0.35257	0.02848	0.04333	0	0	0	0	0.15494	0	0.02559	12.83252	8.37848	0.00324	0.03806	0	0	0.49447	0	0.00107	0	0	0.0051	0.00307
ERR1018190	0	0	0.16916	0	0.78329	0	0.00434	7.34347	0	0	0.87141	0	0.00816	0.06254	0	60.04774	0	0.05265	0.3771	0.89382	0	0	0	0	0	0	0	0.13671	0.00887	0	0	1.37684	0	0	0.00214	0	0.75957	0.7817	0.05461	0.00036	0	0	0.01283	0.11964	2.07608	0.38251	0.70579	0	2.86596	0.03984	0	0.23923	0	0.00131	0	0.15647	0	0	0	0	0	0.11988	0	0.03137	0.2715	1.02652	0.1725	2.17536	0.0037	0	0	0	0	0	0.00121	0	0	0	0	0.10623	0	12.378	0	0	0.00632	0.0012	0.04259	0	0.06058	0	0	0	0	0.28914	0	0.00431	2.87348	0.04274	0	0.00699	0	0	0.05109	0	0	0	0	0.00113	0
ERR1018189	0	0.00076	0.0117	0.00365	0	0	11.79954	5.24368	0	0.02108	0.23939	0	0	0.00271	0	20.80324	0.12419	15.25757	0.12601	0.81681	0.39677	0.0216	0.01986	0	0.07207	0	0	0.1736	0.8961	0	0.09222	0.30846	0	0	1.36864	0	0.39077	0.0113	0.00691	0.00699	0	0	0.00065	0.20822	0.20423	16.93017	2.26538	0	2.88917	0.01375	0	0.40264	0	0.01602	0.08111	0.1587	0	0.0121	0.00123	0	0	0.0058	0.05993	1.13139	0.35656	0.35774	4.44448	1.09315	0.00088	0	0	0	0.01654	0	0	0.0016	0	0	0	1.43323	0	1.42911	0	0	0.40158	0.0258	1.49715	0	0.3825	0	0	0	0	0.32412	0	2.96123	2.14391	0.27652	0	0	0	0.0373	0.05663	0.00258	0	0	0	0.00577	0
ERR1018188	0	0.01566	0.15313	0	3.05137	0	4.83346	3.56477	0	0.03321	0.92877	0	0.02145	0.0606	0	13.1626	0	2.71436	0.44307	3.81534	0.03969	0.00737	0.00588	0	0.02275	0.01847	0	0	2.46125	0.32937	0.10367	0.86434	0.00154	0	0.18901	0	2.67008	0.60054	0.05175	0.01778	0	0	0.01169	0.12534	0.84929	5.47761	3.83427	0	3.68296	0.01779	0	0.99575	0.02722	0.01023	0.23098	0.25279	0	0	0.00452	0.23501	0	0.03984	0.00525	0	0.02545	0.75784	0	0	0	0.0024	0.00121	0	0	0	0.00253	0	0	0	0	0.01123	0.21855	0.39614	0.95587	0	0.49318	3.28204	1.32346	0	5.01132	0	0	0	0	0.29277	0	0.13974	28.02488	0.91034	0	0	0.12405	0.01499	0.78169	0	0	0	0	0	0
ERR1018187	0	0.10478	0.00073	0.00748	0.11559	0	0.01233	0.15712	0	0.22207	0.65471	0	0.00431	0.00073	0	0.77569	0.06222	31.69421	0.00561	0.84416	0.01105	0.08236	0.0606	0	0	0	0	0	13.31235	0	0	0.36528	0.00406	0.07221	0.19992	0	3.7816	0.08174	0.06485	0.07764	0	0	0.00273	0.05323	0.34466	10.30444	0.81107	0	0.09913	0.0058	0	0.76712	0.0752	0.71639	0.24121	0.02028	0	0.00124	0.05478	0	0	0	0.0918	0	0	0.01612	0.19557	0.01889	0.01258	0	0	0	0.24416	0	21.39462	0.00853	0.0123	0.04812	0	0.3132	0	1.26074	0.07098	0	1.93558	0.29142	0.11813	0.69594	2.0351	0	0	0	0.0023	1.41975	0	0.12801	0.00615	0.2785	0	0.00386	1.50583	0	0.39345	0	0.01567	0	0	0	0
ERR1018186	0.00373	0	0	0	0.38061	0	11.06871	0.33535	0	0	0.19468	0	0.04367	0	0	35.24176	0	0.58187	0.02545	0.86613	0.27718	0.04297	0.02187	0	0	0	0.00246	0.06341	0.05649	0.0319	0	0.59425	0	0.7304	0.23435	0.14231	0.58134	0.3802	0.17724	0.02562	0	0	0.00303	0.06744	0.35194	18.4832	5.21829	0	3.31125	0.4435	0.00115	0.17087	0.40677	0.097	0.97732	0.2225	0	0.24602	0	0	0	0.02118	0.23573	0.06485	6.03172	0.17061	0	0	0	0	0	0.0392	0.01348	0.00491	0	0	0.06013	0	0	0.15202	0.04404	0.3295	0	0.00033	0.52453	0.00072	0.38206	0	0.70805	0	0	0	0.00091	7.28596	0	0.07593	0	1.15913	0	0	0	0.07806	0.19641	0	0.01821	0	0	0.29008	0.0074
ERR1018185	0.26236	0.17246	0.18895	0	0.27263	0	25.50358	2.81068	0	0.00592	2.61833	0	0	0.06489	0	6.3027	1.37743	1.23748	0.07808	1.27765	0.21192	0	0	0.02943	0.01352	0.00452	0	3.49908	2.3407	0	0	1.74424	0.00149	1.64335	0.27195	0	1.64596	0	0.00082	0.01356	0	0.01648	0.00569	0	20.76398	2.65903	3.67129	0.00253	1.96107	0	0	0.65382	0	0.42307	0.5451	0.02445	0.03071	0	0.00689	0	0.02538	0	0	0.00414	0.44677	0.01935	0	1.46853	0	0	0	0.04502	0.09236	0	0.03362	0	0.37243	0.14974	0	1.0434	0.16345	0.73953	0.82006	0	1.39772	0.41438	2.22972	0	1.57732	0	0	0	0	1.15615	0	1.06145	0.12495	0.13646	0	0	0.57849	0.24715	0.10532	0	0	0	0	0.06174	0
