feature	g__Actinomyces	g__Adlercreutzia	g__Agathobaculum	g__Akkermansia	g__Alistipes	g__Anaerostipes	g__Asaccharobacter	g__Bacteroides	g__Barnesiella	g__Bifidobacterium	g__Blautia	g__Burkholderia	g__Clostridium	g__Collinsella	g__Coprococcus	g__Dialister	g__Dorea	g__Eggerthella	g__Eisenbergiella	g__Enorma	g__Erysipelatoclostridium	g__Escherichia	g__Eubacterium	g__Faecalibacterium	g__Firmicutes_unclassified	g__Flavonifractor	g__Fusicatenibacter	g__Gemmiger	g__Gordonibacter	g__Intestinibacter	g__Lachnoclostridium	g__Lachnospiraceae_unclassified	g__Methanobrevibacter	g__Monoglobus	g__Oscillibacter	g__Parabacteroides	g__Phascolarctobacterium	g__Roseburia	g__Rothia	g__Ruminococcaceae_unclassified	g__Ruminococcus	g__Ruthenibacterium	g__Streptococcus	g__Turicibacter
SRR5665187	-6.44724914567991	-1.52582876718393	-5.07387909645016	-3.11441001790482	2.98507411651607	0.589351229505136	-0.672841529347261	-2.20024953829911	-0.896173406263221	2.9381540328958	2.04316599444729	-2.82884442376007	-0.712149497668664	4.67931400407653	2.52482344890284	-8.43721296579133	2.35444369734566	-2.70171706856325	-7.24550581942876	-7.38563880023871	-7.38082178394093	-8.22593618196276	1.71721468677156	0.190260858742964	1.01085859414927	-10.1584293626045	-0.43774047727236	-0.314355819355018	0.574479393819999	-5.07923413733774	-8.63522588463128	2.23058116390945	-7.47136867426459	2.08539406154711	-2.04328907759845	-3.39137997563951	-7.7830919871459	2.0185985691824	-9.85475297227334	-0.723205595210741	3.72733345770779	-1.07129995579553	-0.842542302250621	-3.86186707391002
SRR5665186	-7.78786649246624	0.616912834843372	-2.34982366576904	2.71173056430205	-2.99010824686476	3.32740138333026	0.63785133211334	2.93909302350507	-1.04745768665999	-4.83423595493283	2.88567978072596	-2.82884442376007	-9.10979458735361	2.63891255816227	2.54487110845307	-8.43721296579133	1.96562546405034	-3.45513878057205	-2.13974432576589	-10.2697904715522	-8.38082178394093	-4.31559416116531	4.12128152877512	1.20578034937367	-9.52749143308294	-10.1584293626045	3.02339198484382	-0.471468687092333	-2.05865325991529	-6.84559825713022	-8.63522588463128	-7.94075549017056	1.74099230209889	-2.14139828207664	-1.2424646449712	-2.94352745244379	-7.7830919871459	2.93207062293092	-9.85475297227334	-1.89148223399696	-6.56866587561951	-0.104123517367955	0.541326498718303	-7.46625726044699
SRR5665185	-7.78786649246624	-2.49834176017855	-0.924316775075124	-6.5455713940513	1.01917526132108	1.75894697951945	-0.831537670744921	3.03959815774497	-3.3965362547949	2.63652486089482	2.84738764001681	-2.82884442376007	-4.47681946765724	2.28236566666567	0.647074999987528	-8.43721296579133	2.14437273429198	-8.53282487738598	-7.24550581942876	-10.2697904715522	-8.38082178394093	-8.22593618196276	2.51482165565058	3.15995204473292	-3.79646053142222	-10.1584293626045	2.73248846380027	-3.5579217172587	-7.43721296579133	-4.39623243357847	-8.63522588463128	3.95991478833819	-7.47136867426459	-8.55979192498625	-7.90228134235593	0.301494000072418	-3.55537533481105	1.77529500962925	-9.85475297227334	-6.67964241182779	3.92516488187519	-1.36937087220518	-1.1543774780974	-3.2095615718148
SRR5665184	-7.78786649246624	-2.76856759155203	-2.26777422312465	2.52066110636252	-0.953802328104589	1.23697624196185	-3.07777169925926	2.83672400263674	-2.62834077948456	-4.83423595493283	0.0798661809106068	-2.82884442376007	-1.68408603456326	0.670115181284294	0.22170388542459	-8.43721296579133	0.509787036630463	-6.45482236538471	-7.24550581942876	-10.2697904715522	-8.38082178394093	-8.22593618196276	-0.0840890793565837	0.681539220112399	-0.708726508000853	-10.1584293626045	0.899825277131039	-5.23297241257914	-5.47200887620138	-6.84559825713022	-8.63522588463128	3.08573906424146	-7.47136867426459	-2.51169066429664	-6.90228134235593	-1.67226665424466	-2.25277589301794	0.161152445967078	-9.85475297227334	5.58112283250453	3.76575855889387	-3.19112898404917	-0.0891906010400287	-7.46625726044699
SRR5665183	-6.65253843287453	-1.15479500357436	-0.983189929834188	-6.5455713940513	-6.23188767941459	2.69043050549376	-2.30087484283329	-3.4641859104273	-6.83732590051516	-1.92565898269642	5.23812802107745	-2.82884442376007	-9.10979458735361	2.35884914309269	-0.182835203537528	-8.43721296579133	2.77556682642676	-1.41573015915014	-7.24550581942876	-10.2697904715522	-8.38082178394093	-8.22593618196276	3.28932692489518	1.4502848516533	-9.52749143308294	-10.1584293626045	3.80709418289343	0.0788147484160331	-2.11672328210059	-6.84559825713022	-8.63522588463128	2.28642284194406	-7.47136867426459	-8.55979192498625	-7.90228134235593	-7.96578428466209	-7.7830919871459	-5.71330807052687	-9.85475297227334	-6.67964241182779	2.87372068970848	-6.86985986466355	-0.84013834847957	-7.46625726044699
SRR5665182	-6.04263510418978	-7.73005722482403	-8.41981591555679	-5.5455713940513	-4.22836791872502	2.03279204242349	-9.41488362001456	-2.031444710419	-6.83732590051516	2.6414442970043	3.90704543656659	-2.82884442376007	-9.10979458735361	3.58574134577399	-8.15020885579951	-8.43721296579133	2.13764778604103	-1.46960958238232	-7.24550581942876	-8.55979192498625	-8.38082178394093	2.41047950551311	-0.597758073894952	2.49012082270844	-9.52749143308294	-10.1584293626045	3.63936762664839	-4.96218204798189	-3.72737954533701	-6.84559825713022	-8.63522588463128	2.37972353280701	-7.47136867426459	-8.55979192498625	-7.90228134235593	-7.96578428466209	-7.7830919871459	-3.84021583288406	-3.45008444637804	-6.67964241182779	-2.79375688557776	-3.54019070700903	3.81441404285776	-7.46625726044699
SRR5665181	-7.78786649246624	-7.73005722482403	-3.84021583288406	5.97406279319944	-5.23188767941459	0.974242947644728	-9.41488362001456	0.763989386655442	-6.83732590051516	-4.83423595493283	0.823944966713682	-2.82884442376007	-4.59387698706693	1.7664764339604	-1.64119866994204	-8.43721296579133	-0.331662989433036	-8.53282487738598	-7.24550581942876	-10.2697904715522	-8.38082178394093	-1.81248560180718	-1.01592839937408	-0.551775635925168	-1.44827236160602	-10.1584293626045	-0.111617165511578	-5.24824494127092	-6.28433501934713	-6.84559825713022	-8.63522588463128	-7.94075549017056	2.06907656531688	-0.417829409408157	-3.31918957508043	-3.65562596671427	-3.74139665673218	-0.505246477545587	-9.85475297227334	-3.27564659167545	4.07647871514598	-0.581820848689888	-2.79225704653958	-7.46625726044699
SRR5665180	-3.22904412920888	-2.07911221086052	0.887735810870676	-2.41303834791364	-6.23188767941459	3.52799987847523	-2.55088768045058	-5.70274987882829	-6.83732590051516	4.80780981452069	4.38493187500591	-2.82884442376007	-9.10979458735361	4.26048263780026	-8.15020885579951	-8.43721296579133	-0.294526300542343	-1.60796839654952	-7.24550581942876	-6.30471880485514	-2.76454251346384	-8.22593618196276	2.93959895941516	2.27722601744005	-9.52749143308294	-10.1584293626045	-4.13568110874205	-3.40277873159969	-1.09071075496676	-6.84559825713022	-8.63522588463128	-7.94075549017056	-4.4910237850853	-0.833670182079369	-7.90228134235593	-7.96578428466209	-7.7830919871459	-2.31861370638069	-2.71406519205613	-2.29003890955003	-0.331136567702713	-2.57509940461296	0.384005585579785	-7.46625726044699
SRR5665179	-6.78786649246624	-2.50438669473593	-2.08889903744218	-6.5455713940513	-6.23188767941459	2.77463738046093	-2.34982366576904	3.31644844473537	-1.80283914788771	-4.83423595493283	4.38092403854157	-2.82884442376007	-0.897597176028751	2.83510146319149	1.8113764918599	-8.43721296579133	1.59967485224253	-0.925878237262331	-7.24550581942876	-10.2697904715522	-8.38082178394093	-3.32452728593532	0.789921180681929	1.51164007963631	-0.0237096924352324	-1.52732508023861	2.89341463614525	-9.23026210736555	-1.84985629547129	-6.84559825713022	-8.63522588463128	4.79550826167023	-7.47136867426459	-1.99360861242235	-7.90228134235593	-0.464026698923423	-7.7830919871459	0.969550223762865	-9.85475297227334	-6.67964241182779	-6.56866587561951	-1.55550254724768	0.227741075839128	-7.46625726044699
SRR5665178	-7.78786649246624	-7.73005722482403	2.19482775646354	-6.5455713940513	-6.23188767941459	4.12148710170086	-9.41488362001456	-1.0526255906874	-6.83732590051516	3.62858697746819	3.33383730426957	-2.82884442376007	-9.10979458735361	-4.35078004302706	-8.15020885579951	-2.99896163333772	1.2611516630791	1.50542858365041	-7.24550581942876	-10.2697904715522	1.19511448029029	-1.66983172532761	3.08842488287351	2.82721133916298	-2.91310756035851	-1.72289601166455	2.44985450574607	-9.23026210736555	-0.220227599297426	-6.84559825713022	-8.63522588463128	4.11268762377859	-7.47136867426459	-0.0176945211119004	-7.90228134235593	-7.96578428466209	-7.7830919871459	2.2206333223678	-9.85475297227334	-6.67964241182779	-6.56866587561951	-2.87609547067973	-0.362028140048718	-7.46625726044699
SRR5665177	-7.78786649246624	-7.73005722482403	-8.41981591555679	-6.5455713940513	-6.23188767941459	-3.68761363503091	-9.41488362001456	1.35904319149657	-6.83732590051516	-4.83423595493283	3.61298818258163	2.42034495753542	-9.10979458735361	-4.35078004302706	-8.15020885579951	-8.43721296579133	-4.32496094007642	-8.53282487738598	-7.24550581942876	-10.2697904715522	-8.38082178394093	-8.22593618196276	-4.54590835423989	1.04568060444202	-9.52749143308294	-10.1584293626045	-4.13568110874205	-9.23026210736555	-7.43721296579133	4.8681044540034	-8.63522588463128	-7.94075549017056	-7.47136867426459	-8.55979192498625	-7.90228134235593	2.09544512940831	-7.7830919871459	2.69893409085778	-9.85475297227334	-6.67964241182779	-6.56866587561951	-7.86985986466355	-6.78627323439058	5.24073829724053
SRR5665176	-7.78786649246624	-7.73005722482403	-8.41981591555679	-6.5455713940513	-6.23188767941459	-3.68761363503091	-9.41488362001456	2.08129530957954	-6.83732590051516	-4.83423595493283	-8.00046173629483	-1.82884442376007	-9.10979458735361	-4.35078004302706	-8.15020885579951	3.51966392716385	-4.32496094007642	-8.53282487738598	-7.24550581942876	-10.2697904715522	-8.38082178394093	-8.22593618196276	-4.54590835423989	4.75632360455074	-9.52749143308294	-10.1584293626045	-4.13568110874205	-9.23026210736555	-7.43721296579133	-6.84559825713022	-8.63522588463128	-7.94075549017056	-7.47136867426459	-8.55979192498625	-7.90228134235593	-7.96578428466209	-7.7830919871459	1.35599164295809	-9.85475297227334	-6.67964241182779	-6.56866587561951	-4.25263838217183	-6.78627323439058	-7.46625726044699
SRR5665174	-7.78786649246624	-7.73005722482403	-8.41981591555679	-6.5455713940513	-6.23188767941459	-3.68761363503091	-9.41488362001456	0.653601212927355	-6.83732590051516	-4.83423595493283	-8.00046173629483	0.198632444574698	-9.10979458735361	-4.35078004302706	-8.15020885579951	-8.43721296579133	-4.32496094007642	-8.53282487738598	-7.24550581942876	-10.2697904715522	-8.38082178394093	-8.22593618196276	-4.54590835423989	-7.57897333818987	-9.52749143308294	-10.1584293626045	-4.13568110874205	-9.23026210736555	-7.43721296579133	6.4370387657182	-8.63522588463128	-7.94075549017056	-7.47136867426459	-8.55979192498625	-7.90228134235593	1.48738344303651	-7.7830919871459	-8.08411966534174	-9.85475297227334	-6.67964241182779	1.82466603620963	-7.86985986466355	-6.78627323439058	2.10050676131558
SRR5665173	-7.78786649246624	-7.73005722482403	-8.41981591555679	-6.5455713940513	-6.23188767941459	-3.68761363503091	-9.41488362001456	-7.56115360044448	-6.83732590051516	-4.83423595493283	-8.00046173629483	-2.82884442376007	-9.10979458735361	-4.35078004302706	-8.15020885579951	-8.43721296579133	-4.32496094007642	-8.53282487738598	-7.24550581942876	-10.2697904715522	-8.38082178394093	-8.22593618196276	-0.146211892348595	3.60889320035375	0.222854009899301	-10.1584293626045	-4.13568110874205	-9.23026210736555	-7.43721296579133	-6.84559825713022	-8.63522588463128	-7.94075549017056	-7.47136867426459	-8.55979192498625	-7.90228134235593	-7.96578428466209	-7.7830919871459	-8.08411966534174	-9.85475297227334	6.12433868218943	3.99712346601535	-7.86985986466355	-6.78627323439058	-7.46625726044699
SRR5665172	-7.78786649246624	-7.73005722482403	-8.41981591555679	-6.5455713940513	-6.23188767941459	-3.68761363503091	-9.41488362001456	6.38260345046296	-6.83732590051516	-4.83423595493283	-8.00046173629483	-2.82884442376007	-9.10979458735361	-4.35078004302706	-8.15020885579951	-8.43721296579133	-4.32496094007642	-8.53282487738598	-7.24550581942876	-10.2697904715522	-8.38082178394093	-8.22593618196276	-4.54590835423989	-7.57897333818987	-9.52749143308294	-10.1584293626045	-4.13568110874205	-9.23026210736555	-7.43721296579133	-6.84559825713022	-8.63522588463128	-7.94075549017056	-7.47136867426459	-8.55979192498625	-7.90228134235593	-7.96578428466209	4.04995220200459	-8.08411966534174	-9.85475297227334	-6.67964241182779	-6.56866587561951	-7.86985986466355	-6.78627323439058	-7.46625726044699
SRR5665171	-7.78786649246624	-7.73005722482403	-8.41981591555679	-6.5455713940513	-6.23188767941459	-3.68761363503091	-9.41488362001456	-7.56115360044448	-6.83732590051516	-4.83423595493283	-8.00046173629483	-2.82884442376007	-9.10979458735361	-4.35078004302706	-8.15020885579951	-8.43721296579133	-4.32496094007642	-8.53282487738598	-7.24550581942876	-10.2697904715522	-8.38082178394093	-8.22593618196276	-4.54590835423989	-7.57897333818987	-9.52749143308294	-10.1584293626045	-4.13568110874205	-9.23026210736555	-7.43721296579133	-6.84559825713022	-8.63522588463128	-7.94075549017056	-7.47136867426459	-8.55979192498625	-7.90228134235593	-7.96578428466209	-7.7830919871459	-8.08411966534174	-9.85475297227334	-6.67964241182779	-6.56866587561951	-7.86985986466355	-6.78627323439058	-7.46625726044699
SRR5665170	-7.78786649246624	-7.73005722482403	-8.41981591555679	-6.5455713940513	-6.23188767941459	-3.68761363503091	-9.41488362001456	-2.42623770442368	-6.83732590051516	-4.83423595493283	-0.476257404742868	-2.82884442376007	0.477812007350776	-4.35078004302706	-8.15020885579951	-8.43721296579133	-4.32496094007642	-8.53282487738598	-7.24550581942876	-10.2697904715522	-8.38082178394093	-8.22593618196276	-0.256011176809147	5.51748231770207	-9.52749143308294	-10.1584293626045	-4.13568110874205	-9.23026210736555	-7.43721296579133	-0.873053566970303	-8.63522588463128	-7.94075549017056	-7.47136867426459	-8.55979192498625	-7.90228134235593	-7.96578428466209	-7.7830919871459	4.60085608607329	-9.85475297227334	-6.67964241182779	-6.56866587561951	-7.86985986466355	-6.78627323439058	4.61255774084708
SRR5665169	-7.78786649246624	-7.73005722482403	-8.41981591555679	-6.5455713940513	-6.23188767941459	-3.68761363503091	-9.41488362001456	-7.56115360044448	-6.83732590051516	-4.83423595493283	-8.00046173629483	-2.82884442376007	-9.10979458735361	-4.35078004302706	-8.15020885579951	-8.43721296579133	-4.32496094007642	-8.53282487738598	-7.24550581942876	-10.2697904715522	-8.38082178394093	-8.22593618196276	-4.54590835423989	-7.57897333818987	-9.52749143308294	-10.1584293626045	-4.13568110874205	-9.23026210736555	-7.43721296579133	-6.84559825713022	-8.63522588463128	-7.94075549017056	-7.47136867426459	-8.55979192498625	-7.90228134235593	-7.96578428466209	-7.7830919871459	-8.08411966534174	-9.85475297227334	-6.67964241182779	-6.56866587561951	-7.86985986466355	-6.78627323439058	-7.46625726044699
SRR5665168	-7.78786649246624	-7.73005722482403	-8.41981591555679	-6.5455713940513	-6.23188767941459	-3.68761363503091	-9.41488362001456	-7.56115360044448	-6.83732590051516	-4.83423595493283	-8.00046173629483	5.53129630000373	4.88880606868169	-4.35078004302706	-8.15020885579951	-8.43721296579133	-4.32496094007642	-8.53282487738598	-7.24550581942876	-10.2697904715522	-8.38082178394093	-8.22593618196276	-4.54590835423989	-7.57897333818987	-9.52749143308294	-10.1584293626045	-4.13568110874205	-9.23026210736555	-7.43721296579133	-6.84559825713022	-8.63522588463128	-7.94075549017056	-7.47136867426459	-8.55979192498625	-7.90228134235593	-7.96578428466209	-7.7830919871459	-8.08411966534174	-9.85475297227334	-6.67964241182779	2.78658799841705	-7.86985986466355	3.90851703847322	-7.46625726044699
SRR5665167	-7.78786649246624	-7.73005722482403	-8.41981591555679	-6.5455713940513	-6.23188767941459	-3.68761363503091	-9.41488362001456	4.45619569965542	-6.83732590051516	-4.83423595493283	-8.00046173629483	5.32788313495567	-9.10979458735361	-4.35078004302706	-8.15020885579951	-8.43721296579133	-4.32496094007642	-8.53282487738598	-7.24550581942876	-10.2697904715522	-8.38082178394093	-8.22593618196276	-4.54590835423989	4.06255003477745	-9.52749143308294	-10.1584293626045	-4.13568110874205	-9.23026210736555	-7.43721296579133	-6.84559825713022	-8.63522588463128	-7.94075549017056	-7.47136867426459	-8.55979192498625	-7.90228134235593	-7.96578428466209	-7.7830919871459	-8.08411966534174	-9.85475297227334	-6.67964241182779	-6.56866587561951	-7.86985986466355	-6.78627323439058	-7.46625726044699
SRR5665164	-3.90379213092787	-4.90530450325449	-2.8088416637532	-6.5455713940513	-0.282035203821241	3.27101474232914	-8.41488362001456	1.96329285090236	-2.14816102715066	2.06475181692604	3.64157146098748	-2.82884442376007	-1.45589054488873	3.33277523397348	3.37732090860764	-8.43721296579133	2.91751195592951	-8.53282487738598	-7.24550581942876	-10.2697904715522	-8.38082178394093	-8.22593618196276	2.09342833999214	3.37775539740101	-0.493337130185534	-10.1584293626045	1.60160619666605	-2.11878959769651	-2.2674268787048	-2.64954801464675	-8.63522588463128	3.84137740636982	-1.46354916980529	-8.55979192498625	-2.8375321323847	-4.64313502253107	-7.7830919871459	1.03437772765644	-9.85475297227334	-5.33876117910803	-6.56866587561951	-1.73672516502793	1.65607070700669	-1.56776746663922
SRR5665163	-3.63325535654822	-0.439558939056203	-1.55465467614051	4.25707626235511	0.602884408718419	1.98736816663059	0.522799007759982	1.35828935001651	-6.83732590051516	-4.83423595493283	3.58201519208501	-2.82884442376007	-9.10979458735361	-4.35078004302706	2.32820744532721	-8.43721296579133	1.1300214877735	0.565060939538947	-6.24550581942876	-10.2697904715522	-4.77595972578207	-0.396441303791462	2.04098007652894	1.19812321703555	0.981779603590194	-1.5818640360405	4.9012188067712	-0.907088979815868	0.438346086576326	-6.84559825713022	-8.63522588463128	1.21637415267497	-7.47136867426459	0.257505516547785	-7.90228134235593	-1.95589969573024	-7.7830919871459	0.520608309613877	-9.85475297227334	0.227814995125971	-5.56866587561951	0.147879754991554	-1.19634311275384	-7.46625726044699
SRR5665162	-7.78786649246624	-5.72699742507497	-4.74932941951733	-6.5455713940513	-2.79766378006652	-2.68761363503091	-4.01671631880917	5.00385000996821	-6.83732590051516	-3.83423595493283	2.38448089262535	-2.82884442376007	-9.10979458735361	-4.35078004302706	-1.6111381885767	-0.0614507262339457	-3.32496094007642	-3.91180411647444	-6.1729289322996	-10.2697904715522	-5.74777813437766	-8.22593618196276	-2.89453646520064	2.42656265724445	-9.52749143308294	-4.17709857404855	-2.91169554928916	-4.65799148853219	-5.59144029562359	-6.84559825713022	-2.58614599595407	0.622040102088664	-7.47136867426459	-8.55979192498625	-3.28982725172034	2.39952659571298	-7.7830919871459	1.98361203325257	-9.85475297227334	-4.75711096503262	2.03225956616369	-1.56776746663922	-1.67701047212199	-7.46625726044699
SRR5665161	-7.78786649246624	-7.73005722482403	-8.41981591555679	6.07447161209835	-6.23188767941459	1.39208657310375	-9.41488362001456	-0.28831127863855	-6.83732590051516	-4.83423595493283	0.522256667626701	-2.82884442376007	-9.10979458735361	1.59515034314238	-2.39327352498719	-8.43721296579133	-1.52499815224885	-8.53282487738598	-7.24550581942876	-10.2697904715522	-8.38082178394093	-8.22593618196276	-1.54506610128767	-2.47168873972145	-2.44253599205688	-10.1584293626045	-0.798541781961648	-9.23026210736555	-7.43721296579133	-6.84559825713022	-8.63522588463128	-7.94075549017056	1.97077268448952	-0.800249143284163	-7.90228134235593	-7.96578428466209	-7.7830919871459	-1.07865507832227	-9.85475297227334	-6.67964241182779	4.08888362035992	-1.1060321009831	-5.78627323439058	-7.46625726044699
SRR5665160	-7.78786649246624	-7.73005722482403	-8.41981591555679	-6.5455713940513	-6.23188767941459	4.0896337361069	-9.41488362001456	-7.56115360044448	-6.83732590051516	5.09465749823226	3.34077588031534	-2.82884442376007	-9.10979458735361	-1.17270125218536	-8.15020885579951	-8.43721296579133	2.08753412559711	-8.53282487738598	-7.24550581942876	-10.2697904715522	-8.38082178394093	1.81557952742221	1.78227435449508	-1.62727072934028	-9.52749143308294	-10.1584293626045	0.351888352580527	-9.23026210736555	-7.43721296579133	-6.84559825713022	-8.63522588463128	2.96323550467791	-7.47136867426459	-8.55979192498625	-7.90228134235593	-7.96578428466209	-7.7830919871459	-8.08411966534174	-9.85475297227334	-6.67964241182779	-6.56866587561951	-7.86985986466355	3.794272369545	-7.46625726044699
SRR5665159	-7.78786649246624	0.277960950071897	-1.04103115244424	2.18475952603916	-2.31451728193274	-1.46434513950321	0.096477768805563	-0.372150398664978	-6.83732590051516	3.76960567168495	3.95909408121852	-2.82884442376007	-9.10979458735361	5.00639542721578	1.42469639759116	-0.939675866848896	-1.58013754962248	-8.53282487738598	-7.24550581942876	-6.27984413621611	-8.38082178394093	-8.22593618196276	4.39342306520131	0.178568054000528	-9.52749143308294	-10.1584293626045	-4.13568110874205	-0.08413495857749	-7.43721296579133	-6.84559825713022	-8.63522588463128	-0.81893562470275	-7.47136867426459	-8.55979192498625	-7.90228134235593	-7.96578428466209	-7.7830919871459	0.568275371788277	-9.85475297227334	-6.67964241182779	-0.196524957082345	-4.09739383160763	-4.35549762758106	-1.54569774489938
SRR5665158	-2.8759895575981	-2.59265812690316	-8.41981591555679	-6.5455713940513	-4.48713599012291	-0.666255702993656	-2.30293791950261	2.55920789616946	-6.83732590051516	3.8529566524328	2.14015040688456	-2.82884442376007	-9.10979458735361	4.76630627579197	3.64755973534754	-4.22836791872502	1.79481508670969	0.193355430340111	-1.63043859614073	-6.20449901130047	-8.38082178394093	2.40498484349222	1.78968335145415	1.60482569388036	-1.99694472396282	-2.76591566813766	1.63027964956784	-4.30585972625971	-1.33989283352942	-6.84559825713022	-1.26735741985493	2.50947796459804	-7.47136867426459	-8.55979192498625	-7.90228134235593	-2.38812887310507	-7.7830919871459	0.211049584665089	-9.85475297227334	-6.67964241182779	-6.56866587561951	1.74792441623844	-0.687195442349822	-7.46625726044699
SRR5665157	-7.78786649246624	-7.73005722482403	-1.00984383337261	4.64082218800034	-1.77719543895474	3.42666462776615	-9.41488362001456	1.8282537995753	-6.83732590051516	3.244705949961	2.46023930173003	-2.82884442376007	-9.10979458735361	-2.34343956193785	-8.15020885579951	-8.43721296579133	3.05415387176271	0.152469008701993	-7.24550581942876	-10.2697904715522	1.24073562636559	-8.22593618196276	0.531219245684332	1.27796689941566	-9.52749143308294	-1.02031118498987	3.45239116582951	0.534589564071924	-3.44567638302454	-6.84559825713022	-8.63522588463128	2.19935511333725	-7.47136867426459	0.592129291490609	-7.90228134235593	-7.96578428466209	-0.459635413705188	2.34242105105936	-9.85475297227334	-6.67964241182779	0.696884090855454	-0.0314889456452413	-0.859771047039968	-7.46625726044699
SRR5665156	-7.78786649246624	-4.5540190996551	-8.41981591555679	1.64861729767099	1.28965153519083	0.198456435628626	-2.18331019183332	2.87316945137569	0.0408363344879061	5.31222696970781	2.00604663011841	-2.82884442376007	-9.10979458735361	3.5841074505758	1.943602567291	-8.43721296579133	1.51213078793824	-8.53282487738598	-7.24550581942876	-1.83151199704528	-8.38082178394093	-8.22593618196276	2.47493956821646	-0.0452527783841823	-0.237965911189598	-10.1584293626045	-2.15997593596062	-9.23026210736555	-2.29342966476913	-6.84559825713022	-8.63522588463128	2.33050103527043	0.876880337162917	-8.55979192498625	-2.55928162784921	-2.02573502227257	-7.7830919871459	-3.14012583972842	-9.85475297227334	-6.67964241182779	1.49784225886096	-0.137076549206947	1.57748441982069	-7.46625726044699
SRR5665155	-1.54945119597339	-7.73005722482403	-8.41981591555679	-6.5455713940513	-6.23188767941459	3.19090874186069	-9.41488362001456	-2.23229435878047	-6.83732590051516	5.81416970476391	4.67773542488503	-2.82884442376007	-9.10979458735361	-4.35078004302706	-8.15020885579951	-7.43721296579133	-0.232938502319511	-0.573402457292307	-7.24550581942876	-10.2697904715522	-0.1077411057436	2.38777885490513	-4.54590835423989	-2.35453811891082	-9.52749143308294	-10.1584293626045	-4.13568110874205	-9.23026210736555	-4.23568781906662	-4.78627323439058	-7.44473354776112	-7.94075549017056	-7.47136867426459	-8.55979192498625	-7.90228134235593	-7.96578428466209	-7.7830919871459	-8.08411966534174	-8.85475297227334	-6.67964241182779	-6.56866587561951	-7.86985986466355	-1.3303200864942	-7.46625726044699
SRR5665154	-7.78786649246624	-7.73005722482403	-8.41981591555679	-6.5455713940513	-6.23188767941459	-3.68761363503091	-9.41488362001456	-7.56115360044448	-6.83732590051516	-4.83423595493283	-8.00046173629483	3.08299886312885	-9.10979458735361	-4.35078004302706	-8.15020885579951	-8.43721296579133	-4.32496094007642	-8.53282487738598	-7.24550581942876	-10.2697904715522	-8.38082178394093	-8.22593618196276	-4.54590835423989	6.31729321337244	-9.52749143308294	-10.1584293626045	-4.13568110874205	-9.23026210736555	-7.43721296579133	-6.84559825713022	-8.63522588463128	-7.94075549017056	-7.47136867426459	-8.55979192498625	-7.90228134235593	-7.96578428466209	-7.7830919871459	-8.08411966534174	-9.85475297227334	2.99682618914437	-6.56866587561951	-7.86985986466355	-6.78627323439058	-7.46625726044699
SRR5665153	-7.78786649246624	-7.73005722482403	-8.41981591555679	-6.5455713940513	-6.23188767941459	-3.68761363503091	-9.41488362001456	-7.56115360044448	-6.83732590051516	-4.83423595493283	-8.00046173629483	-0.495898308387623	-9.10979458735361	-4.35078004302706	-8.15020885579951	-8.43721296579133	-4.32496094007642	-8.53282487738598	-7.24550581942876	-10.2697904715522	-8.38082178394093	-8.22593618196276	-4.54590835423989	5.24329282236777	0.974815620492905	-10.1584293626045	-4.13568110874205	-9.23026210736555	-7.43721296579133	-6.84559825713022	-8.63522588463128	-7.94075549017056	-7.47136867426459	-8.55979192498625	-7.90228134235593	5.89354083758365	-7.7830919871459	-8.08411966534174	-9.85475297227334	-6.67964241182779	-6.56866587561951	-7.86985986466355	-6.78627323439058	-7.46625726044699
SRR5665152	-7.78786649246624	-7.73005722482403	-8.41981591555679	-6.5455713940513	-6.23188767941459	-3.68761363503091	-9.41488362001456	-7.56115360044448	-6.83732590051516	-4.83423595493283	-8.00046173629483	-2.82884442376007	-9.10979458735361	-4.35078004302706	-8.15020885579951	-8.43721296579133	-4.32496094007642	-8.53282487738598	-7.24550581942876	-10.2697904715522	-8.38082178394093	-8.22593618196276	-4.54590835423989	-7.57897333818987	-9.52749143308294	-10.1584293626045	-4.13568110874205	-9.23026210736555	-7.43721296579133	-6.84559825713022	-8.63522588463128	-7.94075549017056	-7.47136867426459	-8.55979192498625	-7.90228134235593	-7.96578428466209	-7.7830919871459	-8.08411966534174	-9.85475297227334	-6.67964241182779	-6.56866587561951	-7.86985986466355	-6.78627323439058	-7.46625726044699
SRR5665151	-7.78786649246624	-7.73005722482403	-8.41981591555679	-6.5455713940513	-6.23188767941459	-3.68761363503091	-9.41488362001456	3.26250532064725	-0.25859773408041	-4.83423595493283	-8.00046173629483	-2.82884442376007	-9.10979458735361	-4.35078004302706	-8.15020885579951	-8.43721296579133	-4.32496094007642	-8.53282487738598	-7.24550581942876	-10.2697904715522	-8.38082178394093	-8.22593618196276	-4.54590835423989	6.44491896659313	-9.52749143308294	-10.1584293626045	-4.13568110874205	-9.23026210736555	-7.43721296579133	-6.84559825713022	-8.63522588463128	-7.94075549017056	-7.47136867426459	-8.55979192498625	-7.90228134235593	-7.96578428466209	-7.7830919871459	1.29185105800755	-9.85475297227334	-6.67964241182779	-6.56866587561951	-7.86985986466355	-6.78627323439058	-7.46625726044699
SRR5665150	-7.78786649246624	-7.73005722482403	-8.41981591555679	-6.5455713940513	4.84452073612621	-3.68761363503091	-9.41488362001456	4.18480077694899	-6.83732590051516	-4.83423595493283	-8.00046173629483	3.14130362273976	-9.10979458735361	-4.35078004302706	-8.15020885579951	-8.43721296579133	-4.32496094007642	-8.53282487738598	-7.24550581942876	-10.2697904715522	-8.38082178394093	-8.22593618196276	-4.54590835423989	1.2420292770758	-9.52749143308294	-10.1584293626045	-4.13568110874205	-9.23026210736555	-7.43721296579133	2.43245704821652	-8.63522588463128	-7.94075549017056	-7.47136867426459	-8.55979192498625	-7.90228134235593	1.38387291380032	-7.7830919871459	-8.08411966534174	-9.85475297227334	-6.67964241182779	-6.56866587561951	-7.86985986466355	4.58927511676886	2.48607589390958
SRR5665149	-7.78786649246624	-7.73005722482403	-8.41981591555679	-6.5455713940513	-6.23188767941459	-3.68761363503091	-9.41488362001456	-7.56115360044448	-6.83732590051516	-4.83423595493283	0.410449655461803	-0.0680144435857519	-9.10979458735361	-4.35078004302706	-8.15020885579951	-0.896522502776414	-4.32496094007642	-8.53282487738598	-7.24550581942876	-10.2697904715522	-8.38082178394093	-8.22593618196276	4.87557710838081	5.90770188341571	-9.52749143308294	-10.1584293626045	-4.13568110874205	-9.23026210736555	-7.43721296579133	-6.84559825713022	-8.63522588463128	-7.94075549017056	-7.47136867426459	-8.55979192498625	-7.90228134235593	-7.96578428466209	-7.7830919871459	-8.08411966534174	-9.85475297227334	-6.67964241182779	-6.56866587561951	-7.86985986466355	-6.78627323439058	-7.46625726044699
SRR5665148	-7.78786649246624	-7.73005722482403	-8.41981591555679	-6.5455713940513	-6.23188767941459	-3.68761363503091	-9.41488362001456	-7.56115360044448	-6.83732590051516	-4.83423595493283	-8.00046173629483	2.51341747200027	-9.10979458735361	-4.35078004302706	-8.15020885579951	-8.43721296579133	-4.32496094007642	-8.53282487738598	-7.24550581942876	-10.2697904715522	-8.38082178394093	-8.22593618196276	-4.54590835423989	3.44095219802964	-9.52749143308294	-10.1584293626045	-4.13568110874205	-9.23026210736555	-7.43721296579133	5.54691204985898	-8.63522588463128	-7.94075549017056	-7.47136867426459	-8.55979192498625	-7.90228134235593	-7.96578428466209	-7.7830919871459	-8.08411966534174	-9.85475297227334	-6.67964241182779	-6.56866587561951	-7.86985986466355	-6.78627323439058	5.19691032751674
SRR5665147	-7.78786649246624	-7.73005722482403	-8.41981591555679	4.54602333375115	-6.23188767941459	-3.68761363503091	-9.41488362001456	2.32559077238798	-6.83732590051516	-4.83423595493283	-8.00046173629483	4.03455644840162	-9.10979458735361	-4.35078004302706	-8.15020885579951	-8.43721296579133	-4.32496094007642	-8.53282487738598	-7.24550581942876	-10.2697904715522	-8.38082178394093	-8.22593618196276	-4.54590835423989	0.595818708406436	-9.52749143308294	-10.1584293626045	-2.145669159723	-9.23026210736555	-7.43721296579133	-6.84559825713022	-8.63522588463128	-7.94075549017056	-7.47136867426459	-8.55979192498625	-7.90228134235593	4.00782788766288	-7.7830919871459	-8.08411966534174	-9.85475297227334	-6.67964241182779	5.03902518529241	-7.86985986466355	-6.78627323439058	-7.46625726044699
SRR5665146	-7.78786649246624	-7.73005722482403	-8.41981591555679	-6.5455713940513	-6.23188767941459	-3.68761363503091	-9.41488362001456	3.29972381559819	-6.83732590051516	-4.83423595493283	-8.00046173629483	-2.82884442376007	-9.10979458735361	-4.35078004302706	-8.15020885579951	-8.43721296579133	-4.32496094007642	-8.53282487738598	-7.24550581942876	-10.2697904715522	-8.38082178394093	-8.22593618196276	-4.54590835423989	-7.57897333818987	-9.52749143308294	-10.1584293626045	-4.13568110874205	-9.23026210736555	-7.43721296579133	-6.84559825713022	-8.63522588463128	3.06881524489311	-7.47136867426459	-8.55979192498625	-7.90228134235593	5.47238963886803	-7.7830919871459	-8.08411966534174	-9.85475297227334	5.22361175609541	-6.56866587561951	-7.86985986466355	-6.78627323439058	-7.46625726044699
SRR5665145	-7.78786649246624	-7.73005722482403	-8.41981591555679	-6.5455713940513	-6.23188767941459	-3.68761363503091	-9.41488362001456	-7.56115360044448	-6.83732590051516	-4.83423595493283	-8.00046173629483	-2.82884442376007	-9.10979458735361	-4.35078004302706	-8.15020885579951	-8.43721296579133	-4.32496094007642	-8.53282487738598	-7.24550581942876	-10.2697904715522	-8.38082178394093	-8.22593618196276	-4.54590835423989	-7.57897333818987	-9.52749143308294	-10.1584293626045	-4.13568110874205	-9.23026210736555	-7.43721296579133	-6.84559825713022	-8.63522588463128	-7.94075549017056	-7.47136867426459	-8.55979192498625	-7.90228134235593	-7.96578428466209	-7.7830919871459	-8.08411966534174	-9.85475297227334	-6.67964241182779	-6.56866587561951	-7.86985986466355	-6.78627323439058	-7.46625726044699
SRR5665144	-3.14944057937723	-2.55843153352205	0.132274124610078	0.388443054409779	-4.78946151202162	2.17368393131861	-3.25263838217183	-0.42648974250251	-6.83732590051516	2.91002456998305	3.97869261476002	-2.82884442376007	-9.10979458735361	1.51654471056628	2.01303340745406	-8.43721296579133	3.28231376756019	-3.91375972417926	-7.24550581942876	-10.2697904715522	-8.38082178394093	-8.22593618196276	2.73297463406054	-1.40030134699626	0.408309697889115	-10.1584293626045	2.56899033933249	-9.23026210736555	-2.11684842913752	-6.84559825713022	-8.63522588463128	3.07201659422416	-7.47136867426459	-3.0078696860291	-7.90228134235593	-7.96578428466209	-7.7830919871459	2.97695195935233	-2.21049608952538	-2.13087085496105	4.00393229186548	-7.86985986466355	2.08190541294263	-7.46625726044699
SRR5665133	-7.78786649246624	-7.73005722482403	-8.41981591555679	-6.5455713940513	-6.23188767941459	-3.68761363503091	-9.41488362001456	-7.56115360044448	-6.83732590051516	-4.83423595493283	-8.00046173629483	-2.82884442376007	-9.10979458735361	-4.35078004302706	-8.15020885579951	-8.43721296579133	-4.32496094007642	-8.53282487738598	-7.24550581942876	-10.2697904715522	-8.38082178394093	-8.22593618196276	-4.54590835423989	-7.57897333818987	-9.52749143308294	-10.1584293626045	-4.13568110874205	-9.23026210736555	-7.43721296579133	-6.84559825713022	-8.63522588463128	-7.94075549017056	-7.47136867426459	-8.55979192498625	-7.90228134235593	-7.96578428466209	-7.7830919871459	-8.08411966534174	-9.85475297227334	-6.67964241182779	-6.56866587561951	-7.86985986466355	-6.78627323439058	-7.46625726044699
SRR5665132	-7.78786649246624	-7.73005722482403	-8.41981591555679	-6.5455713940513	-6.23188767941459	-3.68761363503091	-9.41488362001456	-7.56115360044448	-6.83732590051516	-4.83423595493283	-8.00046173629483	-2.82884442376007	-9.10979458735361	-4.35078004302706	-8.15020885579951	-8.43721296579133	-4.32496094007642	-8.53282487738598	-7.24550581942876	-10.2697904715522	-8.38082178394093	-8.22593618196276	-4.54590835423989	-7.57897333818987	-9.52749143308294	-10.1584293626045	-4.13568110874205	-9.23026210736555	-7.43721296579133	-6.84559825713022	-8.63522588463128	-7.94075549017056	-7.47136867426459	-8.55979192498625	-7.90228134235593	-7.96578428466209	-7.7830919871459	-8.08411966534174	-9.85475297227334	5.47445908205794	-6.56866587561951	-7.86985986466355	-6.78627323439058	-7.46625726044699
SRR5665131	-7.78786649246624	-7.73005722482403	-8.41981591555679	-6.5455713940513	3.37047538915409	0.847523945663166	-9.41488362001456	4.14991373100104	2.22445091448796	-4.83423595493283	-0.338761179108027	-2.82884442376007	-9.10979458735361	-1.70030988142998	0.507728686917883	-8.43721296579133	-4.32496094007642	-8.53282487738598	-7.24550581942876	-10.2697904715522	-8.38082178394093	-8.22593618196276	3.298922199059	2.24268481264842	-9.52749143308294	-10.1584293626045	-2.18678727849255	-9.23026210736555	-7.43721296579133	-6.84559825713022	-8.63522588463128	2.87825450080877	-7.47136867426459	-8.55979192498625	-1.67733343428411	0.78114985171021	0.460637732003456	2.12170507647393	-9.85475297227334	-6.67964241182779	4.91391765313176	-7.86985986466355	-6.78627323439058	-7.46625726044699
SRR5665130	-7.78786649246624	-7.73005722482403	-8.41981591555679	-6.5455713940513	-6.23188767941459	-3.68761363503091	-9.41488362001456	6.0232340577514	-6.83732590051516	-4.83423595493283	-8.00046173629483	5.12767289552175	-9.10979458735361	-4.35078004302706	-8.15020885579951	-8.43721296579133	-4.32496094007642	-8.53282487738598	-7.24550581942876	-10.2697904715522	-8.38082178394093	-8.22593618196276	-4.54590835423989	-7.57897333818987	-9.52749143308294	-10.1584293626045	-4.13568110874205	-9.23026210736555	-7.43721296579133	-6.84559825713022	-8.63522588463128	-7.94075549017056	-7.47136867426459	-8.55979192498625	-7.90228134235593	-7.96578428466209	-7.7830919871459	-8.08411966534174	-9.85475297227334	-6.67964241182779	-6.56866587561951	-7.86985986466355	-6.78627323439058	-7.46625726044699
SRR5665129	-7.78786649246624	-7.73005722482403	-8.41981591555679	-6.5455713940513	-6.23188767941459	-3.68761363503091	-9.41488362001456	-7.56115360044448	-6.83732590051516	-4.83423595493283	-8.00046173629483	-2.82884442376007	-9.10979458735361	-4.35078004302706	-8.15020885579951	-8.43721296579133	-4.32496094007642	-8.53282487738598	-7.24550581942876	-10.2697904715522	-8.38082178394093	-8.22593618196276	-4.54590835423989	5.72354627503128	-9.52749143308294	-10.1584293626045	-4.13568110874205	-9.23026210736555	-7.43721296579133	-6.84559825713022	-8.63522588463128	-7.94075549017056	-7.47136867426459	-8.55979192498625	-7.90228134235593	5.55950557931341	-7.7830919871459	-8.08411966534174	-9.85475297227334	-6.67964241182779	-6.56866587561951	-7.86985986466355	-6.78627323439058	-7.46625726044699
SRR5665128	-7.78786649246624	-7.73005722482403	-8.41981591555679	-6.5455713940513	-6.23188767941459	-3.68761363503091	-9.41488362001456	-7.56115360044448	-6.83732590051516	-4.83423595493283	-8.00046173629483	-2.82884442376007	-9.10979458735361	-4.35078004302706	-8.15020885579951	1.5049152567616	-4.32496094007642	-8.53282487738598	-7.24550581942876	-10.2697904715522	-8.38082178394093	-8.22593618196276	-4.54590835423989	6.45992549320305	1.87289178374366	-10.1584293626045	-4.13568110874205	-9.23026210736555	-7.43721296579133	-6.84559825713022	-8.63522588463128	-7.94075549017056	-7.47136867426459	-8.55979192498625	-7.90228134235593	-1.48733822102652	-7.7830919871459	-8.08411966534174	-9.85475297227334	-6.67964241182779	2.35402047233738	-7.86985986466355	-6.78627323439058	-7.46625726044699
SRR5665127	-7.78786649246624	-7.73005722482403	-8.41981591555679	-6.5455713940513	-6.23188767941459	-3.68761363503091	-9.41488362001456	-7.56115360044448	-6.83732590051516	-4.83423595493283	-8.00046173629483	-2.82884442376007	5.50062393549692	-4.35078004302706	-8.15020885579951	-8.43721296579133	-4.32496094007642	-8.53282487738598	-7.24550581942876	-10.2697904715522	-8.38082178394093	-8.22593618196276	-4.54590835423989	5.08596675481387	-9.52749143308294	-10.1584293626045	-4.13568110874205	-9.23026210736555	-7.43721296579133	-6.84559825713022	-8.63522588463128	-7.94075549017056	-7.47136867426459	-8.55979192498625	-7.90228134235593	-7.96578428466209	-7.7830919871459	-8.08411966534174	-9.85475297227334	-6.67964241182779	-6.56866587561951	-7.86985986466355	-6.78627323439058	-7.46625726044699
SRR5665126	-7.78786649246624	-7.73005722482403	-8.41981591555679	-6.5455713940513	-6.23188767941459	-3.68761363503091	-9.41488362001456	-7.56115360044448	-6.83732590051516	-4.83423595493283	-8.00046173629483	-2.82884442376007	-9.10979458735361	-4.35078004302706	-8.15020885579951	-8.43721296579133	-4.32496094007642	-8.53282487738598	-7.24550581942876	-10.2697904715522	-8.38082178394093	-8.22593618196276	-4.54590835423989	-7.57897333818987	-9.52749143308294	-10.1584293626045	-4.13568110874205	-9.23026210736555	-7.43721296579133	-6.84559825713022	-8.63522588463128	-7.94075549017056	-7.47136867426459	-8.55979192498625	-7.90228134235593	5.71343930681407	-7.7830919871459	-8.08411966534174	-9.85475297227334	-6.67964241182779	-6.56866587561951	-7.86985986466355	-6.78627323439058	-7.46625726044699
SRR5665125	-7.78786649246624	-7.73005722482403	-8.41981591555679	-6.5455713940513	-6.23188767941459	-3.68761363503091	-9.41488362001456	-0.560472602064642	-6.83732590051516	-4.83423595493283	-8.00046173629483	-0.776256200429321	1.32699746456576	-4.35078004302706	-8.15020885579951	-8.43721296579133	-4.32496094007642	-8.53282487738598	-7.24550581942876	-10.2697904715522	-8.38082178394093	-8.22593618196276	-4.54590835423989	4.34772163405005	-9.52749143308294	-10.1584293626045	-4.13568110874205	-9.23026210736555	-7.43721296579133	4.72812405074195	-8.63522588463128	-7.94075549017056	-7.47136867426459	-8.55979192498625	-7.90228134235593	-1.28841699252604	-7.7830919871459	3.96490316376195	-9.85475297227334	-6.67964241182779	-6.56866587561951	-7.86985986466355	-6.78627323439058	4.96778466542177
SRR5665124	-7.78786649246624	-7.73005722482403	-8.41981591555679	-6.5455713940513	-6.23188767941459	-3.68761363503091	-9.41488362001456	-7.56115360044448	-6.83732590051516	-4.83423595493283	-8.00046173629483	5.57912100028065	-9.10979458735361	-4.35078004302706	-8.15020885579951	-8.43721296579133	-4.32496094007642	-8.53282487738598	-7.24550581942876	-10.2697904715522	-8.38082178394093	-8.22593618196276	-4.54590835423989	5.70581095949436	-9.52749143308294	-10.1584293626045	-4.13568110874205	-9.23026210736555	-7.43721296579133	-6.84559825713022	-8.63522588463128	-7.94075549017056	-7.47136867426459	-8.55979192498625	-7.90228134235593	-7.96578428466209	-7.7830919871459	-8.08411966534174	-9.85475297227334	-6.67964241182779	-6.56866587561951	-7.86985986466355	-6.78627323439058	-7.46625726044699
SRR5665122	-1.93865235512386	-6.06660865418157	-4.1734494789554	0.815690184131301	-4.71975630413398	2.7546010720495	-4.89926450323234	-1.05208702602197	-6.83732590051516	0.684055679940265	3.52791983373995	-2.82884442376007	-4.1839000501206	3.3804316264502	1.2263112246879	-5.44410533305889	1.04317649567226	-2.9120212753581	-7.24550581942876	-9.26979047155219	-7.20876103815463	-0.628898411755544	2.32249640478377	0.385751293749597	-6.49980982015802	-10.1584293626045	3.9503302970176	0.695272285192441	-5.1970706276316	-5.01531587051196	-8.63522588463128	3.2881651070023	-6.47136867426459	-8.55979192498625	-7.90228134235593	-7.96578428466209	-7.7830919871459	2.492863270312	-3.69488163549495	-3.41012148543805	3.87690292328672	0.325397928540731	2.39788234896891	-3.28940402919516
SRR5665113	-7.78786649246624	-7.73005722482403	-8.41981591555679	-6.5455713940513	-6.23188767941459	-3.68761363503091	-9.41488362001456	-7.56115360044448	-6.83732590051516	-4.83423595493283	-8.00046173629483	-2.82884442376007	-9.10979458735361	-4.35078004302706	-8.15020885579951	-8.43721296579133	-4.32496094007642	-8.53282487738598	-7.24550581942876	-10.2697904715522	-8.38082178394093	-8.22593618196276	3.54471163965642	4.40573169829904	-9.52749143308294	-10.1584293626045	-4.13568110874205	-9.23026210736555	-7.43721296579133	-6.84559825713022	-8.63522588463128	-7.94075549017056	-7.47136867426459	-8.55979192498625	-7.90228134235593	-7.96578428466209	-7.7830919871459	-8.08411966534174	-9.85475297227334	-6.67964241182779	-6.56866587561951	-7.86985986466355	-6.78627323439058	-7.46625726044699
SRR5665112	-7.78786649246624	-7.73005722482403	-8.41981591555679	-6.5455713940513	-6.23188767941459	-3.68761363503091	-9.41488362001456	-7.56115360044448	-6.83732590051516	-4.83423595493283	-8.00046173629483	-2.82884442376007	-9.10979458735361	-4.35078004302706	-8.15020885579951	-8.43721296579133	-4.32496094007642	-8.53282487738598	-7.24550581942876	-10.2697904715522	-8.38082178394093	-8.22593618196276	-4.54590835423989	-7.57897333818987	-9.52749143308294	-10.1584293626045	-4.13568110874205	-9.23026210736555	-7.43721296579133	-6.84559825713022	-8.63522588463128	-7.94075549017056	-7.47136867426459	-8.55979192498625	-7.90228134235593	-7.96578428466209	-7.7830919871459	-8.08411966534174	-9.85475297227334	-6.67964241182779	-6.56866587561951	-7.86985986466355	-6.78627323439058	6.62229669066468
SRR5665111	-7.78786649246624	-7.73005722482403	-8.41981591555679	-6.5455713940513	-6.23188767941459	-3.68761363503091	-9.41488362001456	3.99716683259689	-6.83732590051516	-4.83423595493283	-8.00046173629483	3.97397764231402	-1.89969509420431	-4.35078004302706	-8.15020885579951	-8.43721296579133	-4.32496094007642	-8.53282487738598	-7.24550581942876	-10.2697904715522	-8.38082178394093	-8.22593618196276	-4.54590835423989	6.08069901659976	-9.52749143308294	-10.1584293626045	-4.13568110874205	-9.23026210736555	-7.43721296579133	-1.44434088151638	-8.63522588463128	-7.94075549017056	-7.47136867426459	-8.55979192498625	-7.90228134235593	-7.96578428466209	-7.7830919871459	-8.08411966534174	-9.85475297227334	-6.67964241182779	-6.56866587561951	-7.86985986466355	-6.78627323439058	-7.46625726044699
SRR5665110	-7.78786649246624	-7.73005722482403	-8.41981591555679	1.27236963322624	-6.23188767941459	-3.68761363503091	-9.41488362001456	3.84898641623446	-6.83732590051516	-4.83423595493283	-1.66068015135729	-2.82884442376007	-9.10979458735361	-4.35078004302706	-8.15020885579951	-8.43721296579133	-4.32496094007642	-8.53282487738598	-7.24550581942876	-10.2697904715522	-3.83094729121297	-8.22593618196276	-2.22877360698028	0.986338115999007	-9.52749143308294	-10.1584293626045	-4.13568110874205	-9.23026210736555	-7.43721296579133	-6.84559825713022	-8.63522588463128	-0.39744810252834	-7.47136867426459	-8.55979192498625	-7.90228134235593	0.727371581638403	0.461329481062817	5.34419398345968	-9.85475297227334	1.79523913733251	2.68028384377794	-7.86985986466355	-6.78627323439058	-7.46625726044699
SRR5665109	-7.78786649246624	-7.73005722482403	-8.41981591555679	-6.5455713940513	-6.23188767941459	-3.68761363503091	-9.41488362001456	2.23085779664555	-6.83732590051516	-4.83423595493283	-8.00046173629483	3.67756574596206	-9.10979458735361	-4.35078004302706	-8.15020885579951	-8.43721296579133	-4.32496094007642	-8.53282487738598	-7.24550581942876	-10.2697904715522	-8.38082178394093	-8.22593618196276	-4.54590835423989	-0.101969697302445	-9.52749143308294	-10.1584293626045	-0.833258850228437	-9.23026210736555	-7.43721296579133	-6.84559825713022	-8.63522588463128	1.47715921118664	-7.47136867426459	-8.55979192498625	-7.90228134235593	-7.96578428466209	-7.7830919871459	-8.08411966534174	-9.85475297227334	5.67293981146114	-6.56866587561951	-7.86985986466355	-6.78627323439058	-7.46625726044699
SRR5665108	-7.78786649246624	-7.73005722482403	-8.41981591555679	-6.5455713940513	-6.23188767941459	-3.68761363503091	-9.41488362001456	2.58890768149331	-0.346224546879596	-4.83423595493283	4.25626568742133	-2.82884442376007	-9.10979458735361	-4.35078004302706	-8.15020885579951	-8.43721296579133	-4.32496094007642	-8.53282487738598	-7.24550581942876	-10.2697904715522	-8.38082178394093	-8.22593618196276	-4.54590835423989	5.14617416212483	-9.52749143308294	-10.1584293626045	-4.13568110874205	-9.23026210736555	-7.43721296579133	5.27331446526883	-8.63522588463128	-7.94075549017056	-7.47136867426459	-8.55979192498625	-7.90228134235593	-7.96578428466209	-7.7830919871459	-8.08411966534174	-9.85475297227334	-6.67964241182779	-6.56866587561951	-7.86985986466355	-6.78627323439058	-7.46625726044699
SRR5665107	-7.78786649246624	-7.73005722482403	-8.41981591555679	-6.5455713940513	-6.23188767941459	-3.68761363503091	-9.41488362001456	5.85364590588561	-6.83732590051516	-4.83423595493283	-8.00046173629483	-2.82884442376007	-9.10979458735361	-4.35078004302706	-8.15020885579951	4.60097201612067	-4.32496094007642	-8.53282487738598	-7.24550581942876	-10.2697904715522	-8.38082178394093	-8.22593618196276	-4.54590835423989	2.51900085539774	2.78687651024754	-10.1584293626045	-4.13568110874205	-9.23026210736555	-7.43721296579133	-6.84559825713022	-8.63522588463128	-7.94075549017056	-7.47136867426459	-8.55979192498625	-7.90228134235593	-7.96578428466209	-7.7830919871459	-8.08411966534174	-9.85475297227334	-6.67964241182779	2.39862399671775	-7.86985986466355	-6.78627323439058	-7.46625726044699
SRR5665106	-7.78786649246624	-7.73005722482403	-8.41981591555679	-6.5455713940513	-6.23188767941459	-3.68761363503091	-9.41488362001456	-7.56115360044448	-6.83732590051516	-4.83423595493283	-8.00046173629483	1.88244741643173	0.338133421733009	-4.35078004302706	-8.15020885579951	-8.43721296579133	-4.32496094007642	-8.53282487738598	-7.24550581942876	-10.2697904715522	-8.38082178394093	-8.22593618196276	-4.54590835423989	4.52994647427236	-9.52749143308294	-10.1584293626045	-4.13568110874205	-9.23026210736555	-7.43721296579133	5.37276374150048	-8.63522588463128	-7.94075549017056	-7.47136867426459	-8.55979192498625	-7.90228134235593	-7.96578428466209	-7.7830919871459	3.59679444295233	-9.85475297227334	-6.67964241182779	-6.56866587561951	-7.86985986466355	-2.93588973499875	2.66376131244722
SRR5665105	-7.78786649246624	-7.73005722482403	-8.41981591555679	-6.5455713940513	-6.23188767941459	-3.68761363503091	-9.41488362001456	-7.56115360044448	-6.83732590051516	-4.83423595493283	-0.372337135966345	5.39186015339108	-9.10979458735361	-4.35078004302706	-8.15020885579951	-8.43721296579133	-4.32496094007642	-8.53282487738598	-7.24550581942876	-10.2697904715522	-8.38082178394093	-8.22593618196276	-4.54590835423989	-7.57897333818987	-9.52749143308294	-10.1584293626045	-4.13568110874205	-9.23026210736555	-7.43721296579133	-6.84559825713022	-8.63522588463128	-7.94075549017056	-7.47136867426459	-8.55979192498625	-7.90228134235593	-7.96578428466209	-7.7830919871459	-8.08411966534174	-9.85475297227334	-6.67964241182779	-6.56866587561951	-7.86985986466355	-6.78627323439058	-7.46625726044699
SRR5665104	-7.78786649246624	-7.73005722482403	-8.41981591555679	-6.5455713940513	-6.23188767941459	-3.68761363503091	-9.41488362001456	-7.56115360044448	-6.83732590051516	-4.83423595493283	-8.00046173629483	-2.82884442376007	-9.10979458735361	-4.35078004302706	-8.15020885579951	-8.43721296579133	-4.32496094007642	-8.53282487738598	-7.24550581942876	-10.2697904715522	-8.38082178394093	-8.22593618196276	-4.54590835423989	-7.57897333818987	-9.52749143308294	-10.1584293626045	-4.13568110874205	-9.23026210736555	-7.43721296579133	-6.84559825713022	-8.63522588463128	-7.94075549017056	-7.47136867426459	-8.55979192498625	-7.90228134235593	-7.96578428466209	-7.7830919871459	-8.08411966534174	-9.85475297227334	-6.67964241182779	-6.56866587561951	-7.86985986466355	-6.78627323439058	-7.46625726044699
SRR5665103	-6.73619636192144	-7.73005722482403	-8.41981591555679	-3.93743615047278	-6.23188767941459	3.64642420834729	-9.41488362001456	-7.56115360044448	-6.83732590051516	2.04948439993355	5.05077419044853	-2.82884442376007	-3.54371951848927	-4.35078004302706	2.4811878414841	-8.43721296579133	0.788877778788384	-8.53282487738598	-7.24550581942876	-10.2697904715522	-2.20716130222185	3.04628499607772	-1.27714930813804	1.11497329592347	-9.52749143308294	-10.1584293626045	0.174419202656012	-9.23026210736555	-1.02717502844212	-6.84559825713022	-1.94386044610733	3.99106555350567	-7.47136867426459	-8.55979192498625	-7.90228134235593	-7.96578428466209	-7.7830919871459	-5.23949799494141	-9.85475297227334	-6.67964241182779	-6.56866587561951	-7.86985986466355	2.24967894471287	-7.46625726044699
SRR5665092	-7.78786649246624	-7.73005722482403	-8.41981591555679	-6.5455713940513	-6.23188767941459	-3.68761363503091	-9.41488362001456	3.21232809135508	-6.83732590051516	-4.83423595493283	-8.00046173629483	-2.82884442376007	-9.10979458735361	-4.35078004302706	-8.15020885579951	-8.43721296579133	-4.32496094007642	-8.53282487738598	-7.24550581942876	-10.2697904715522	-8.38082178394093	-8.22593618196276	-4.54590835423989	6.13558083564379	-9.52749143308294	-10.1584293626045	-4.13568110874205	-9.23026210736555	-7.43721296579133	2.08831123588866	-8.63522588463128	-0.881533953134472	-7.47136867426459	-8.55979192498625	-7.90228134235593	-7.96578428466209	-7.7830919871459	-8.08411966534174	-9.85475297227334	-6.67964241182779	-6.56866587561951	-7.86985986466355	-6.78627323439058	3.9662467962541
SRR5665083	-7.78786649246624	-7.73005722482403	-8.41981591555679	-6.5455713940513	1.23472816085153	-3.68761363503091	-9.41488362001456	-7.56115360044448	-6.83732590051516	-4.83423595493283	-8.00046173629483	-2.82884442376007	-9.10979458735361	-4.35078004302706	-8.15020885579951	-8.43721296579133	-4.32496094007642	-8.53282487738598	-7.24550581942876	-10.2697904715522	-8.38082178394093	-8.22593618196276	-4.54590835423989	6.51702493227982	-9.52749143308294	-10.1584293626045	-4.13568110874205	-9.23026210736555	-7.43721296579133	-6.84559825713022	-8.63522588463128	-7.94075549017056	-7.47136867426459	-8.55979192498625	-7.90228134235593	-7.96578428466209	-7.7830919871459	-8.08411966534174	-9.85475297227334	-6.67964241182779	2.52899881333007	-7.86985986466355	-6.78627323439058	-7.46625726044699
SRR5665082	-7.78786649246624	-7.73005722482403	-8.41981591555679	-6.5455713940513	-6.23188767941459	-3.68761363503091	-9.41488362001456	3.15194971274099	-6.83732590051516	-4.83423595493283	-8.00046173629483	2.22765483188402	-9.10979458735361	-4.35078004302706	-8.15020885579951	-8.43721296579133	-4.32496094007642	-8.53282487738598	-7.24550581942876	-10.2697904715522	-8.38082178394093	-8.22593618196276	-4.54590835423989	5.88265405292612	-9.52749143308294	-10.1584293626045	-4.13568110874205	-9.23026210736555	-7.43721296579133	-6.84559825713022	-8.63522588463128	-7.94075549017056	-7.47136867426459	-8.55979192498625	-7.90228134235593	1.26532886991356	-7.7830919871459	-8.08411966534174	-9.85475297227334	-6.67964241182779	-6.56866587561951	-7.86985986466355	-6.78627323439058	-7.46625726044699
SRR5665071	-7.78786649246624	-7.73005722482403	-8.41981591555679	-6.5455713940513	-6.23188767941459	-3.68761363503091	-9.41488362001456	2.75689519096874	-6.83732590051516	-4.83423595493283	-0.633479144694679	1.33868112462455	-9.10979458735361	-4.35078004302706	-8.15020885579951	-8.43721296579133	-4.32496094007642	-8.53282487738598	-7.24550581942876	-10.2697904715522	-8.38082178394093	-8.22593618196276	-4.54590835423989	-7.57897333818987	-9.52749143308294	-10.1584293626045	-4.13568110874205	-9.23026210736555	-7.43721296579133	-6.84559825713022	-8.63522588463128	-7.94075549017056	-7.47136867426459	-8.55979192498625	-7.90228134235593	-7.96578428466209	-7.7830919871459	-8.08411966534174	-9.85475297227334	-6.67964241182779	-6.56866587561951	-7.86985986466355	-6.78627323439058	-7.46625726044699
SRR5665070	-7.78786649246624	-7.73005722482403	-8.41981591555679	-6.5455713940513	-6.23188767941459	-3.68761363503091	-9.41488362001456	-7.56115360044448	-6.83732590051516	-4.83423595493283	-8.00046173629483	6.64385618977472	-9.10979458735361	-4.35078004302706	-8.15020885579951	-8.43721296579133	-4.32496094007642	-8.53282487738598	-7.24550581942876	-10.2697904715522	-8.38082178394093	-8.22593618196276	-4.54590835423989	-7.57897333818987	-9.52749143308294	-10.1584293626045	-4.13568110874205	-9.23026210736555	-7.43721296579133	-6.84559825713022	-8.63522588463128	-7.94075549017056	-7.47136867426459	-8.55979192498625	-7.90228134235593	-7.96578428466209	-7.7830919871459	-8.08411966534174	-9.85475297227334	-6.67964241182779	-6.56866587561951	-7.86985986466355	-6.78627323439058	-7.46625726044699
SRR5665069	-7.78786649246624	-7.73005722482403	-8.41981591555679	-6.5455713940513	4.21364201249943	-3.68761363503091	-9.41488362001456	4.91822926603027	-6.83732590051516	-4.83423595493283	-8.00046173629483	5.25369056416745	-9.10979458735361	-4.35078004302706	-8.15020885579951	-8.43721296579133	-4.32496094007642	-8.53282487738598	-7.24550581942876	-10.2697904715522	-8.38082178394093	-8.22593618196276	-4.54590835423989	-7.57897333818987	-9.52749143308294	-10.1584293626045	-4.13568110874205	-9.23026210736555	-7.43721296579133	-6.84559825713022	-8.63522588463128	-7.94075549017056	-7.47136867426459	-8.55979192498625	-7.90228134235593	-7.96578428466209	-7.7830919871459	1.98542392172103	-9.85475297227334	-6.67964241182779	-6.56866587561951	-7.86985986466355	-6.78627323439058	-7.46625726044699
SRR5665068	-7.78786649246624	-7.73005722482403	-8.41981591555679	-6.5455713940513	-6.23188767941459	-3.68761363503091	-9.41488362001456	-7.56115360044448	-6.83732590051516	-4.83423595493283	-8.00046173629483	-2.82884442376007	-9.10979458735361	-4.35078004302706	-8.15020885579951	-8.43721296579133	-4.32496094007642	-8.53282487738598	-7.24550581942876	-10.2697904715522	-8.38082178394093	-8.22593618196276	-4.54590835423989	-7.57897333818987	-9.52749143308294	-10.1584293626045	-4.13568110874205	-9.23026210736555	-7.43721296579133	-6.84559825713022	-8.63522588463128	-7.94075549017056	-7.47136867426459	-8.55979192498625	-7.90228134235593	-7.96578428466209	-7.7830919871459	-8.08411966534174	-9.85475297227334	-6.67964241182779	-6.56866587561951	-7.86985986466355	-6.78627323439058	-7.46625726044699
SRR5665067	-7.78786649246624	-7.73005722482403	-8.41981591555679	-6.5455713940513	-6.23188767941459	-3.68761363503091	-9.41488362001456	-7.56115360044448	-6.83732590051516	-4.83423595493283	-8.00046173629483	-2.82884442376007	-9.10979458735361	-4.35078004302706	-8.15020885579951	-8.43721296579133	-4.32496094007642	-8.53282487738598	-7.24550581942876	-10.2697904715522	-8.38082178394093	-8.22593618196276	-4.54590835423989	-7.57897333818987	-9.52749143308294	-10.1584293626045	-4.13568110874205	-9.23026210736555	-7.43721296579133	-6.84559825713022	-8.63522588463128	-7.94075549017056	-7.47136867426459	-8.55979192498625	-7.90228134235593	6.64385618977472	-7.7830919871459	-8.08411966534174	-9.85475297227334	-6.67964241182779	-6.56866587561951	-7.86985986466355	-6.78627323439058	-7.46625726044699
SRR5665066	-7.78786649246624	-7.73005722482403	-8.41981591555679	-6.5455713940513	-6.23188767941459	-3.68761363503091	-9.41488362001456	-7.56115360044448	-6.83732590051516	-4.83423595493283	-8.00046173629483	4.45512662653648	-9.10979458735361	-4.35078004302706	-8.15020885579951	-8.43721296579133	-4.32496094007642	-8.53282487738598	-7.24550581942876	-10.2697904715522	-8.38082178394093	-8.22593618196276	-4.54590835423989	4.12542380308761	-9.52749143308294	-10.1584293626045	-4.13568110874205	-9.23026210736555	-7.43721296579133	-6.84559825713022	-8.63522588463128	-7.94075549017056	-7.47136867426459	-8.55979192498625	-7.90228134235593	5.92153844509307	-7.7830919871459	-8.08411966534174	-9.85475297227334	-6.67964241182779	-6.56866587561951	-7.86985986466355	-6.78627323439058	-7.46625726044699
SRR5665065	-7.78786649246624	-7.73005722482403	-8.41981591555679	-6.5455713940513	-6.23188767941459	-3.68761363503091	-9.41488362001456	-7.56115360044448	-6.83732590051516	-4.83423595493283	-8.00046173629483	3.88204824297647	4.68102696501987	-4.35078004302706	-8.15020885579951	-8.43721296579133	-4.32496094007642	-8.53282487738598	-7.24550581942876	-10.2697904715522	-8.38082178394093	-8.22593618196276	-4.54590835423989	4.6023832374752	-9.52749143308294	-10.1584293626045	-4.13568110874205	-9.23026210736555	-7.43721296579133	-6.84559825713022	-8.63522588463128	-7.94075549017056	-7.47136867426459	-8.55979192498625	-7.90228134235593	3.20709633908696	-7.7830919871459	4.34273251141775	-9.85475297227334	-6.67964241182779	1.78909486854759	-7.86985986466355	-6.78627323439058	-7.46625726044699
SRR5665064	-7.78786649246624	-7.73005722482403	-8.41981591555679	-6.5455713940513	0.719866833423134	-3.68761363503091	-9.41488362001456	1.1323136131768	-6.83732590051516	-4.83423595493283	-8.00046173629483	1.00992757361858	-9.10979458735361	-4.35078004302706	-8.15020885579951	-8.43721296579133	-4.32496094007642	-8.53282487738598	-7.24550581942876	-10.2697904715522	-8.38082178394093	-8.22593618196276	-4.54590835423989	4.54019221722141	-9.52749143308294	-10.1584293626045	-4.13568110874205	-3.37751939035459	-7.43721296579133	-6.84559825713022	-8.63522588463128	-7.94075549017056	-7.47136867426459	-8.55979192498625	-7.90228134235593	6.12222066705684	-7.7830919871459	-0.266506820228526	-9.85475297227334	-6.67964241182779	-1.76277894715011	-7.86985986466355	-6.78627323439058	-7.46625726044699
SRR5665063	-7.78786649246624	-7.73005722482403	-8.41981591555679	-6.5455713940513	-6.23188767941459	-3.68761363503091	-9.41488362001456	-7.56115360044448	-6.83732590051516	-4.83423595493283	-8.00046173629483	-2.82884442376007	-9.10979458735361	-4.35078004302706	-8.15020885579951	-8.43721296579133	-4.32496094007642	-8.53282487738598	-7.24550581942876	-10.2697904715522	-8.38082178394093	-8.22593618196276	-4.54590835423989	4.84057955118891	-9.52749143308294	5.15569661997172	-4.13568110874205	-9.23026210736555	-7.43721296579133	-6.84559825713022	-8.63522588463128	-7.94075549017056	-7.47136867426459	-8.55979192498625	-7.90228134235593	-0.665134292100902	-7.7830919871459	-8.08411966534174	-9.85475297227334	-6.67964241182779	5.13218033493201	-7.86985986466355	-6.78627323439058	-7.46625726044699
SRR5665062	-7.78786649246624	-7.73005722482403	-8.41981591555679	-6.5455713940513	-6.23188767941459	-3.68761363503091	-9.41488362001456	1.01656050163892	-4.04477648420987	-4.83423595493283	-7.00046173629483	-2.82884442376007	-9.10979458735361	-4.35078004302706	-8.15020885579951	-8.43721296579133	-4.32496094007642	-8.53282487738598	-7.24550581942876	-10.2697904715522	-8.38082178394093	-8.22593618196276	-4.54590835423989	6.45229890588954	-1.55813411880802	-10.1584293626045	-4.13568110874205	-9.23026210736555	-7.43721296579133	-6.84559825713022	-8.63522588463128	-7.94075549017056	-7.47136867426459	-8.55979192498625	-7.90228134235593	0.760595679089614	-7.7830919871459	-8.08411966534174	-9.85475297227334	-6.67964241182779	3.0043126160477	-7.86985986466355	-6.78627323439058	-1.81208026499455
SRR5665061	-6.19601254541264	-7.73005722482403	-4.12658049656514	-6.5455713940513	-2.13485716427016	2.76338395265105	-9.41488362001456	3.4117272277671	-6.83732590051516	-4.83423595493283	5.56320725687212	-2.82884442376007	-9.10979458735361	2.53327428190856	1.81001527053745	-8.43721296579133	1.28746638484461	1.91220146767973	-7.24550581942876	-10.2697904715522	0.611861686625335	2.57890973817399	-3.54590835423989	-2.77201254126541	1.04185273901519	0.393020736899855	0.0319174081754909	-9.23026210736555	-0.844069470539995	-6.84559825713022	-3.0212771872447	-0.380089351318964	-7.47136867426459	-8.55979192498625	-7.90228134235593	-7.96578428466209	-4.2617423298408	-1.42078122601668	-9.85475297227334	-6.67964241182779	-6.56866587561951	1.97130626570754	-0.280632537263595	-7.46625726044699
SRR5665060	-7.78786649246624	-7.73005722482403	-8.41981591555679	-6.5455713940513	-6.23188767941459	-3.68761363503091	-9.41488362001456	-7.56115360044448	-6.83732590051516	-4.83423595493283	-8.00046173629483	-2.82884442376007	-9.10979458735361	-4.35078004302706	-8.15020885579951	-8.43721296579133	-4.32496094007642	-8.53282487738598	-7.24550581942876	-10.2697904715522	-8.38082178394093	-8.22593618196276	-4.54590835423989	-7.57897333818987	-9.52749143308294	-10.1584293626045	-4.13568110874205	-9.23026210736555	-7.43721296579133	-6.84559825713022	-8.63522588463128	-7.94075549017056	-7.47136867426459	-8.55979192498625	-7.90228134235593	-7.96578428466209	-7.7830919871459	-8.08411966534174	-9.85475297227334	-6.67964241182779	-6.56866587561951	-7.86985986466355	-6.78627323439058	-7.46625726044699
SRR5665059	-7.78786649246624	-2.35011786817452	-1.26888628757506	-6.5455713940513	-6.23188767941459	1.18982455888002	-2.30750138313149	-7.56115360044448	-6.83732590051516	-4.83423595493283	5.7051526763064	-2.82884442376007	-9.10979458735361	2.88599793523568	-8.15020885579951	-8.43721296579133	2.06721190235037	-3.0019634006709	-7.24550581942876	-10.2697904715522	-8.38082178394093	-8.22593618196276	3.22966943732173	1.46061676473209	-8.52749143308294	-10.1584293626045	3.59298079745989	-9.23026210736555	-3.64837167089722	-6.84559825713022	-8.63522588463128	2.48847130584453	-7.47136867426459	-7.55979192498625	-7.90228134235593	-7.96578428466209	-7.7830919871459	-8.08411966534174	-9.85475297227334	-6.67964241182779	0.935346590815476	-6.50242339884543	-3.79125801939566	-7.46625726044699
SRR5665058	-7.78786649246624	-0.771864731722643	-0.163138680533263	-6.5455713940513	-6.23188767941459	0.403693104661018	-0.536984460582561	-7.56115360044448	-6.83732590051516	3.65690818347334	1.77744706991179	-2.82884442376007	-0.941143244412229	2.67895979097285	-0.648937101059615	-8.43721296579133	1.37787891824803	-8.53282487738598	-7.24550581942876	-10.2697904715522	-8.38082178394093	5.4380236520444	-0.814285659117091	3.12013459067902	-4.32973975863405	-10.1584293626045	-0.255477199377479	-2.11540989322225	-7.43721296579133	-6.84559825713022	-8.63522588463128	-1.92884143986383	-1.14988869090153	-8.55979192498625	-7.90228134235593	-2.69292126146018	-7.7830919871459	2.75130517453746	-9.85475297227334	-6.67964241182779	2.49632684288698	-4.94875320413425	-6.78627323439058	-4.47104867979929
SRR5665057	-7.78786649246624	-4.90963432355395	-8.41981591555679	4.96365260020584	0.286786541732789	-0.692827976726979	-3.5855396941839	1.18584752063591	-1.48928108140382	1.94783818535156	3.08569488131074	-2.82884442376007	-2.18836456914626	0.817025591955211	2.73550268128588	-8.43721296579133	-1.1305549524787	-8.53282487738598	-5.91093580766647	-10.2697904715522	-8.38082178394093	1.04164250716578	2.13995729626882	3.00408425374287	-2.71719252512618	-3.34270756382945	1.28028527491641	-3.92335881929238	-7.43721296579133	-6.84559825713022	-8.63522588463128	2.25232482161282	1.9153793968835	-8.55979192498625	1.93940337697782	-0.89569018127292	-1.8603471509247	0.504335638586252	-9.85475297227334	-0.886699564166639	2.45785165851109	0.148309397820539	-1.58130270129743	-7.46625726044699
SRR5665056	-5.05074149329011	-7.73005722482403	-8.41981591555679	-6.5455713940513	-6.23188767941459	2.98430679871393	-9.41488362001456	-7.56115360044448	-6.83732590051516	5.49470232874512	2.90404664691314	-2.82884442376007	-9.10979458735361	3.79950077794011	2.62607462032508	-8.43721296579133	2.9610213081029	0.930850856640822	-7.24550581942876	-6.4985048042021	-8.38082178394093	-8.22593618196276	-4.54590835423989	-2.93588973499875	-9.52749143308294	-10.1584293626045	2.04272137246558	-3.8053077482492	-1.2674268787048	-6.84559825713022	-1.40159667906253	0.591813436792724	-7.47136867426459	-1.7816527907215	-7.90228134235593	-7.96578428466209	-7.7830919871459	0.361027173941225	-9.85475297227334	-6.67964241182779	-1.75131944444896	-7.86985986466355	-0.741203718578643	-7.46625726044699
SRR5665055	-2.14305413671757	-3.61122633784755	-8.41981591555679	-6.5455713940513	3.81635906664096	-0.436197560885897	-4.42879890887015	4.17971645249242	-6.83732590051516	-4.83423595493283	2.97791182292139	-2.82884442376007	-9.10979458735361	3.81777979677825	1.75049502929246	-4.74390720358505	-1.0298826023945	3.73458498766533	-5.96128289242715	-5.69226839495997	-4.20769435046027	-7.22593618196276	1.73410044403539	-1.15698095427623	3.51284252418951	-10.1584293626045	-2.42996459751195	-8.23026210736555	1.68168313612291	-6.84559825713022	-2.20736117223176	-7.94075549017056	-3.14420161195529	-1.71823647777179	-4.78190082562986	-3.5794906495111	-7.7830919871459	-0.452431719745574	-3.39927352880421	-3.31602513802913	2.56806373180325	-2.60322672872619	-1.76778132814085	-7.46625726044699
SRR5665054	-1.15505200240216	-2.20111170007031	-2.77912526745997	3.83769503663915	-2.06099915493049	3.31129093883124	-1.92851189441582	2.18971704444899	-0.852797517718109	3.99226086082494	1.06911782210985	-2.82884442376007	-9.10979458735361	3.51659891682039	1.85080742252133	-3.85579696612517	3.56404520051938	-2.7998723457264	-3.61599441442022	-10.2697904715522	-8.38082178394093	0.232255517444645	1.3939433166645	1.22752545628376	-1.23297241257914	-10.1584293626045	1.32077347694587	-0.296243678916305	-0.223424317237445	-6.84559825713022	-8.63522588463128	-6.94075549017056	-7.47136867426459	-8.55979192498625	0.384337211660477	-0.542290150088695	-7.7830919871459	3.08002314728867	-9.85475297227334	-3.488916595729	0.488751496957832	-0.886459512855425	-3.33715648250194	-5.96308176428226
SRR5665053	-7.78786649246624	-7.73005722482403	-8.41981591555679	4.33493648201871	-6.23188767941459	3.97401528375647	-9.41488362001456	-3.07631074213098	-6.83732590051516	-4.83423595493283	4.06193600824558	-2.82884442376007	-9.10979458735361	-4.35078004302706	0.797386577094962	-8.43721296579133	1.74840111945829	-8.53282487738598	-7.24550581942876	-10.2697904715522	-8.38082178394093	-8.22593618196276	3.90543851387775	-0.778407465618229	-9.52749143308294	-10.1584293626045	2.25839831820388	-1.82925449874336	-7.43721296579133	-6.84559825713022	-8.63522588463128	-7.94075549017056	3.144628878846	-8.55979192498625	-2.65489889347681	-5.73005722482403	-7.7830919871459	1.5740724358561	-9.85475297227334	0.501189438580537	2.10886564517063	-1.92095305121428	-6.78627323439058	-7.46625726044699
SRR5665052	-7.78786649246624	-4.15534118081691	-8.41981591555679	-1.94652716598101	-2.02573502227257	2.8496570540407	-4.85558810690789	1.08238922209896	-6.83732590051516	3.57352358753712	4.38670129196498	-2.82884442376007	-1.42945935012241	3.35338257878196	1.76869672140602	-8.43721296579133	0.078350235529293	-8.53282487738598	-3.32553934843974	-6.64529960664439	-8.38082178394093	-8.22593618196276	2.11930305035229	4.22842006688017	-3.29902769277728	-2.72632895805747	2.31935491894319	-9.23026210736555	-3.12167486329367	-6.84559825713022	-7.63522588463128	-7.94075549017056	-7.47136867426459	-8.55979192498625	-1.10823865113488	-5.51688333351696	-0.50215774113904	3.21377186156509	-9.85475297227334	-4.73427507379504	-6.56866587561951	0.184534211794243	-6.78627323439058	-7.46625726044699
SRR5665051	-7.78786649246624	-3.4928091985381	-1.40159667906253	-6.5455713940513	-0.844535708303685	1.71234925771592	-2.68260330571652	0.259374941115279	-6.83732590051516	1.62370769787727	3.62721576341551	-2.82884442376007	-0.246104558108136	5.53408619926518	-0.350614470818484	-8.43721296579133	2.24696438291488	-0.723872616261656	-7.24550581942876	-4.37093719500909	-2.38044613101838	-8.22593618196276	-0.234838705390506	-0.743955526173555	3.07720368324754	-5.47521415421589	1.60265640926461	-3.93522749259975	-3.40445814820817	-5.84559825713022	-8.63522588463128	0.273229410952664	1.13510797375544	-0.564734125340725	-7.90228134235593	-2.57458366519819	-3.77260393091947	-0.283123209182678	-9.85475297227334	-5.67964241182779	-0.894321922105463	-0.988504361162171	-4.64602185699284	-6.46625726044699
SRR5665050	-7.78786649246624	-7.73005722482403	-1.76655364877673	-6.5455713940513	2.0808077231101	1.28086725583289	-9.41488362001456	3.6145261096189	-6.83732590051516	-0.606320217357982	4.98621385966197	-2.82884442376007	-8.10979458735361	-4.35078004302706	0.333469532840794	-8.43721296579133	3.48623039057828	0.377212613074626	-6.00323526173903	-10.2697904715522	1.37300779934775	2.09887765457254	2.70648634825951	-6.57897333818987	-0.861631118806812	-1.23236214982157	-4.13568110874205	-9.23026210736555	-2.76473859841703	-1.91033914836856	-5.05169818764936	-7.94075549017056	-7.47136867426459	-8.55979192498625	-7.90228134235593	-0.499095993298696	-6.7830919871459	-8.08411966534174	-9.85475297227334	-6.67964241182779	3.90408133949908	1.63449104488578	-1.1724410903307	-7.46625726044699
SRR5665049	-5.71406519205613	-7.73005722482403	-3.52865644038928	-6.5455713940513	-6.23188767941459	5.53579729671009	-9.41488362001456	-0.207860968433237	-6.83732590051516	-4.83423595493283	3.69986363488742	-2.82884442376007	-9.10979458735361	-4.35078004302706	2.86364908970967	-8.43721296579133	3.20665572561936	1.25043410540373	-3.128850273341	-10.2697904715522	1.45207877620165	-8.22593618196276	-2.67373879216922	-1.3983605269548	-9.52749143308294	-3.75730604245038	3.08418335026598	-9.23026210736555	-1.73509130863486	-6.84559825713022	-8.63522588463128	1.9286469907101	-7.47136867426459	-8.55979192498625	-7.90228134235593	-7.96578428466209	-7.7830919871459	-0.705546870766123	-3.729483017835	-6.67964241182779	-6.56866587561951	-0.581432220700288	1.47031819920601	-7.46625726044699
SRR5665048	-7.78786649246624	-0.845235347586087	-8.41981591555679	2.2939060243237	-6.23188767941459	3.02916838265796	0.84784461404061	-6.56115360044448	-6.83732590051516	3.82996419983242	3.74647616227372	-2.82884442376007	-9.10979458735361	-4.35078004302706	3.41942023507962	-8.43721296579133	3.28997754746748	1.08417994796018	-7.24550581942876	-10.2697904715522	-4.09961811562305	-8.22593618196276	3.51466261714955	1.02755749664445	-9.52749143308294	-10.1584293626045	3.54798894986098	-1.20562988470454	-2.08834676269147	-1.42437786203357	-8.63522588463128	-6.71330807052687	-7.47136867426459	0.28389807281044	-7.90228134235593	-7.96578428466209	-7.7830919871459	-0.190799609138286	-9.85475297227334	-6.67964241182779	0.182552470075546	-2.54111408559056	-1.77398478359701	-1.52358720344114
SRR5665047	-7.78786649246624	-7.73005722482403	-1.73509130863486	-6.5455713940513	-3.47746209352127	3.14115154916296	-9.41488362001456	-1.24328410588314	-6.83732590051516	5.58013462798172	2.03377889583292	-2.82884442376007	-9.10979458735361	3.75452731777652	0.409787368208768	-8.43721296579133	1.72244853715249	-0.50784941856597	-7.24550581942876	-4.63343438428821	-6.52749143308294	-8.22593618196276	2.2420048793057	-0.068725417705841	-9.52749143308294	-9.15842936260448	-3.13568110874205	-9.23026210736555	-0.249822294406943	-6.84559825713022	-8.63522588463128	-7.94075549017056	-7.47136867426459	-1.926975010191	-7.90228134235593	-7.96578428466209	-7.7830919871459	1.94834667157363	-7.39532135363605	-0.214591737021699	1.6640504221635	-0.938790625094051	1.73284659617901	-3.19416276673882
SRR5665046	-7.78786649246624	-7.73005722482403	-4.91354230348095	2.34775068493714	-6.23188767941459	0.192244674510003	-9.41488362001456	-7.56115360044448	-6.83732590051516	-4.83423595493283	-0.104821486803971	-2.82884442376007	-1.44034177864397	-4.35078004302706	0.0776258434969916	-8.43721296579133	1.45072826405995	0.334808514154829	-5.12230285922963	-10.2697904715522	-8.38082178394093	-8.22593618196276	1.86731531635367	5.30256800952838	-9.52749143308294	-7.2720185724443	2.78994412704228	-2.13568110874205	1.23827326655482	-1.74269966460158	-8.63522588463128	3.06946673863119	-7.47136867426459	-8.55979192498625	-7.90228134235593	-5.03741396164312	-7.7830919871459	1.88811392617594	-9.85475297227334	-2.37736946101791	2.54583002185174	-0.667790472912212	2.52702528187591	-3.01380025070862
SRR5665045	-5.30814427945426	-1.09043424417705	-0.597605249499385	-6.5455713940513	-6.23188767941459	1.90369774730807	-3.22742175620587	-7.56115360044448	-6.83732590051516	2.10198281220637	4.05710797059328	-2.82884442376007	-9.10979458735361	4.5264438385833	2.28440752622367	-8.43721296579133	2.57212568644468	0.365815695661544	-7.24550581942876	-10.2697904715522	-8.38082178394093	-8.22593618196276	2.71158080501893	-3.18219667264362	-2.75818421740347	-10.1584293626045	4.79196354120809	-3.75789143302075	-1.38952670539806	-6.84559825713022	-8.63522588463128	1.3634234215284	-7.47136867426459	-2.27788376218134	-7.90228134235593	-7.96578428466209	-7.7830919871459	-4.76297479253707	-9.85475297227334	-6.67964241182779	-2.09720862930854	-7.86985986466355	-2.33082806493491	-7.46625726044699
SRR5665044	-7.78786649246624	-0.0147910526824464	-2.2270164478619	-2.24728565695287	-0.664814049027247	-0.629300040492958	-0.244069859604134	-0.497180604555957	-5.83732590051516	2.60920179152259	4.58944591533579	-2.82884442376007	-2.65090652729387	3.57785537971472	3.92061915621147	-8.43721296579133	3.41674518015013	-7.53282487738598	-7.24550581942876	-10.2697904715522	-8.38082178394093	-8.22593618196276	2.16454816876931	0.108624814681649	-2.97619109972332	-10.1584293626045	1.05188017503537	-1.60792442065935	-7.43721296579133	-0.733075566732834	-8.63522588463128	-2.17944930424512	2.3307304806275	0.143027637051682	-1.88987733724191	-7.96578428466209	-7.7830919871459	-0.413268877894833	-9.85475297227334	-6.67964241182779	2.34353005532005	-0.950006861643109	2.24886571940259	-7.46625726044699
SRR5665043	-7.78786649246624	-1.17889392520733	-2.49703807090796	3.94186221282402	-6.23188767941459	-0.110760111213168	-1.29516343953734	2.31217141323438	-6.83732590051516	-4.83423595493283	3.3234406887684	-2.82884442376007	-9.10979458735361	-4.35078004302706	2.67351119773139	0.141968960520235	-0.301408114376509	-1.21464195993514	-3.67079601697064	-10.2697904715522	-8.38082178394093	-8.22593618196276	1.62033772938715	3.76299612897334	2.71255176162017	-10.1584293626045	2.00984518517723	-2.03114984356718	-5.98942064892933	-6.84559825713022	-4.96263183599516	2.59202162152132	-7.47136867426459	-8.55979192498625	-7.90228134235593	-7.96578428466209	-7.7830919871459	2.36133604750091	-9.85475297227334	-6.67964241182779	4.20938005926178	-1.8052069063213	0.296310560708092	-7.46625726044699
SRR5665042	-7.78786649246624	-6.73005722482403	-1.63160040228241	6.00822668665996	-6.23188767941459	-0.259823656730496	-4.96128289242715	-1.36256595740477	-6.83732590051516	-1.40766974606369	1.46910973296614	-2.82884442376007	-9.10979458735361	-2.39501778813448	-8.15020885579951	-8.43721296579133	-0.68735805843286	-1.606517899471	-7.24550581942876	-10.2697904715522	-8.38082178394093	-8.22593618196276	-2.19238129496577	2.23973408132308	1.9165072177835	-10.1584293626045	-4.13568110874205	-9.23026210736555	-2.82306453126841	-6.84559825713022	-8.63522588463128	-0.837893109109408	-7.47136867426459	-8.55979192498625	-1.61188762911227	-6.96578428466209	-4.19733526948154	1.98178325616302	-9.85475297227334	0.824955177528652	2.56700750052687	-2.42553998252781	-5.75321494581128	-7.46625726044699
SRR5665041	-7.78786649246624	-1.43752554190368	-8.41981591555679	-4.27788376218134	-0.638972826058775	4.05599297763374	-1.16634075359049	-2.65617151220796	-6.83732590051516	2.79880122610876	4.21661782848406	-2.82884442376007	-9.10979458735361	3.53439907188827	1.62755081004984	-5.69226839495997	-2.18370340389377	-1.96725026638291	-7.24550581942876	-6.27536718912962	-3.7080193160907	-8.22593618196276	-2.37467339391933	-3.25676941975882	0.381715285630148	-10.1584293626045	3.50895593853204	-9.23026210736555	-2.25504671633142	-5.77516942445259	-7.43721296579133	4.55333592569768	-7.47136867426459	-8.55979192498625	-7.90228134235593	-4.77201254126541	-7.7830919871459	-2.69506847678783	-9.85475297227334	-6.67964241182779	-2.65671726407409	-7.86985986466355	1.93337623708649	-7.46625726044699
SRR5665040	-7.78786649246624	-7.73005722482403	-8.41981591555679	-6.5455713940513	-6.23188767941459	-3.68761363503091	-9.41488362001456	5.15460062536571	-6.83732590051516	-4.83423595493283	-8.00046173629483	4.03349083964823	-9.10979458735361	-4.35078004302706	-8.15020885579951	-8.43721296579133	-4.32496094007642	-8.53282487738598	-7.24550581942876	-10.2697904715522	-8.38082178394093	-8.22593618196276	-4.54590835423989	-7.57897333818987	-9.52749143308294	-10.1584293626045	-4.13568110874205	-9.23026210736555	-7.43721296579133	-6.84559825713022	-8.63522588463128	-7.94075549017056	-7.47136867426459	-8.55979192498625	-7.90228134235593	5.58510075237146	-7.7830919871459	-8.08411966534174	-9.85475297227334	-6.67964241182779	-6.56866587561951	-7.86985986466355	-6.78627323439058	-7.46625726044699
SRR5665039	-7.78786649246624	-7.73005722482403	-8.41981591555679	-6.5455713940513	-6.23188767941459	-3.68761363503091	-9.41488362001456	-3.43987202391874	-6.83732590051516	-4.83423595493283	-8.00046173629483	-2.82884442376007	-9.10979458735361	-4.35078004302706	-8.15020885579951	-8.43721296579133	-4.32496094007642	-8.53282487738598	-7.24550581942876	-10.2697904715522	-8.38082178394093	-8.22593618196276	-4.54590835423989	-7.57897333818987	-9.52749143308294	-10.1584293626045	-4.13568110874205	-9.23026210736555	-7.43721296579133	3.91859327304471	-8.63522588463128	-7.94075549017056	-7.47136867426459	2.9664249298275	-7.90228134235593	-7.96578428466209	1.47383365885111	3.75768148599621	-9.85475297227334	-6.67964241182779	-6.56866587561951	-7.86985986466355	-6.78627323439058	5.92046743271278
SRR5665038	-7.78786649246624	-7.73005722482403	-8.41981591555679	-6.5455713940513	3.38852571344841	-3.68761363503091	-9.41488362001456	5.18541543441793	-6.83732590051516	-4.83423595493283	-8.00046173629483	-2.82884442376007	-9.10979458735361	-4.35078004302706	-8.15020885579951	-8.43721296579133	-4.32496094007642	-8.53282487738598	-7.24550581942876	-10.2697904715522	-8.38082178394093	-8.22593618196276	-1.38786457063279	5.2165243208188	-9.52749143308294	-10.1584293626045	-4.13568110874205	-9.23026210736555	-7.43721296579133	-6.84559825713022	-8.63522588463128	1.45474443466461	-7.47136867426459	-8.55979192498625	-7.90228134235593	-7.96578428466209	-7.7830919871459	-1.61572910745759	-9.85475297227334	-6.67964241182779	-6.56866587561951	-7.86985986466355	-6.78627323439058	-7.46625726044699
SRR5665037	-7.78786649246624	-7.73005722482403	-8.41981591555679	-6.5455713940513	-6.23188767941459	-3.68761363503091	-9.41488362001456	-7.56115360044448	-6.83732590051516	-4.83423595493283	-8.00046173629483	6.48244577565809	-9.10979458735361	-4.35078004302706	-8.15020885579951	-8.43721296579133	-4.32496094007642	-8.53282487738598	-7.24550581942876	-10.2697904715522	-8.38082178394093	-8.22593618196276	-4.54590835423989	-7.57897333818987	-9.52749143308294	-10.1584293626045	-4.13568110874205	-9.23026210736555	-7.43721296579133	-6.84559825713022	-8.63522588463128	-7.94075549017056	-7.47136867426459	-8.55979192498625	-7.90228134235593	3.40394254940788	-7.7830919871459	-8.08411966534174	-9.85475297227334	-6.67964241182779	-6.56866587561951	-7.86985986466355	-6.78627323439058	-7.46625726044699
SRR5665035	-4.4263152499122	-1.98290476151461	-0.318487765737909	0.336900329456292	-6.23188767941459	1.66518808667131	-0.486893350451828	-7.56115360044448	-6.83732590051516	3.13802968359607	4.01754248274508	-2.82884442376007	-9.10979458735361	3.18773766419751	0.533543414466563	-8.43721296579133	3.00309666517965	-8.53282487738598	-7.24550581942876	-10.2697904715522	-8.38082178394093	-8.22593618196276	2.25872694724258	1.5272805672162	-9.52749143308294	-10.1584293626045	4.7575353550288	-5.43284399628921	-2.72413474464456	-6.84559825713022	-8.63522588463128	0.765093383903358	-7.47136867426459	-8.55979192498625	-7.90228134235593	-7.96578428466209	-7.7830919871459	-0.853866171106625	-9.85475297227334	-6.67964241182779	1.01552611472117	-7.86985986466355	-1.86354609073135	-7.46625726044699
SRR5665034	-7.78786649246624	-1.84362927318225	0.630274989286189	-6.5455713940513	-2.28616344128639	3.08602282235121	-0.36408776818113	-7.56115360044448	-6.83732590051516	-4.83423595493283	4.81902894434285	-2.82884442376007	-9.10979458735361	2.64415162346772	-1.73427507379504	-8.43721296579133	3.3356547501136	-2.04126866243216	-7.24550581942876	-10.2697904715522	-8.38082178394093	-8.22593618196276	0.866654816843604	0.931713309849626	-9.52749143308294	-10.1584293626045	3.99615370179395	-9.23026210736555	-3.06491747668134	-6.84559825713022	-8.63522588463128	-7.94075549017056	1.4944156103975	-8.55979192498625	-7.90228134235593	-7.96578428466209	-7.7830919871459	0.510769547113498	-1.0553214338786	-3.15842936260448	-0.50054441072963	-7.86985986466355	4.09589151605221	-7.46625726044699
SRR5665033	-7.78786649246624	-3.1752728727679	-0.917815184511538	-6.5455713940513	-3.39486602933342	3.18579995784972	-1.84871266081697	-7.56115360044448	-6.83732590051516	4.6680351390504	5.46234063261971	-2.82884442376007	-4.85183380223958	-4.35078004302706	0.239349156535347	-8.43721296579133	1.97394183612805	-1.47032895165222	-1.65113307049125	-10.2697904715522	-8.38082178394093	-0.643901274699208	2.93924914905163	-1.57368156462067	-0.426412187634618	-10.1584293626045	0.486220091315082	-9.23026210736555	-3.00775364379772	-0.58907281781492	-8.63522588463128	-0.250474313442003	-7.47136867426459	-8.55979192498625	-7.90228134235593	-7.96578428466209	-7.7830919871459	-1.35228946572746	-9.85475297227334	-4.96623519732114	-6.56866587561951	-0.613939560466435	-4.8225541498852	-7.46625726044699
SRR5665032	-7.78786649246624	-7.73005722482403	-8.41981591555679	-6.5455713940513	-6.23188767941459	3.75734013509541	-9.41488362001456	-3.16954994948632	-6.83732590051516	4.85010480645589	3.86076519567298	-2.82884442376007	0.153117865907588	-4.35078004302706	-8.15020885579951	-8.43721296579133	0.257819266578825	1.67148360543892	-3.20277115301373	-10.2697904715522	-0.161782369482783	-8.22593618196276	-4.54590835423989	-7.57897333818987	-9.52749143308294	-10.1584293626045	-4.13568110874205	-9.23026210736555	-1.39858872325521	1.3592962588922	-0.447878731132137	-1.2670101757584	-7.47136867426459	-8.55979192498625	-7.90228134235593	-1.88400794330055	-7.7830919871459	-8.08411966534174	-3.34872094077391	-6.67964241182779	-6.56866587561951	-7.86985986466355	3.02793075985844	3.23751783034105
SRR5665031	-7.78786649246624	-7.73005722482403	-8.41981591555679	-6.5455713940513	-6.23188767941459	3.03411885145725	-9.41488362001456	1.67147907637429	-6.83732590051516	1.22335458411368	5.99720500314469	-2.82884442376007	-9.10979458735361	-3.35078004302706	-1.8004250158284	-8.43721296579133	1.46446439351714	0.971972045460238	-7.24550581942876	-10.2697904715522	-1.01654118840968	1.06337178224962	2.42575737365457	-3.80833628838779	2.18686498861067	-2.01852724554535	0.773025765209689	-9.23026210736555	-2.2301944149296	-0.066805080039573	-2.50856759075428	-3.74487396301337	-7.47136867426459	-8.55979192498625	-7.90228134235593	-3.62629054676035	-7.7830919871459	-7.08411966534174	-9.85475297227334	-6.67964241182779	-6.56866587561951	-1.25818357316059	-0.301923797639252	-7.46625726044699
SRR5665030	-7.78786649246624	-4.83732590051516	-1.18442457113743	5.1557646114143	-0.828306377173677	-0.794232159850182	-3.73773523677762	0.661266188633216	-6.83732590051516	0.687714681315326	1.09664643050162	-2.82884442376007	-1.09132541319598	-4.35078004302706	-1.75117373975349	-8.43721296579133	0.96609079594177	-3.23813606239348	-7.24550581942876	-10.2697904715522	-8.38082178394093	-8.22593618196276	0.34864035073221	2.18606311893527	-2.6609082346172	0.869476633965402	1.35024828998997	-9.23026210736555	-6.00879836004951	-6.84559825713022	-8.63522588463128	5.26433825324104	-7.47136867426459	-3.14739384019246	-7.90228134235593	-4.60156206356856	-1.10274408248109	1.43341885919512	-9.85475297227334	-4.08167483330286	-4.31933357817891	-0.829459579953543	-4.61422662221166	-7.46625726044699
SRR5665029	-7.78786649246624	-7.73005722482403	-8.41981591555679	-2.26867771018511	-6.23188767941459	0.184432650207035	-5.91093580766647	-2.55359553750154	-6.83732590051516	4.73660216958208	4.42989108769395	-2.82884442376007	-9.10979458735361	2.83094080657273	-7.15020885579951	-8.43721296579133	1.28599397237378	-8.53282487738598	-7.24550581942876	-10.2697904715522	-8.38082178394093	4.08534986804915	2.78185906188932	-5.23134561852492	-1.69548895819005	-10.1584293626045	1.00054090922619	-9.23026210736555	-7.43721296579133	0.717201523475626	-8.63522588463128	-1.93666273553668	-2.51671819930504	-8.55979192498625	-7.90228134235593	-7.96578428466209	-7.7830919871459	-2.47280952833409	-6.88172001987361	-6.67964241182779	-6.56866587561951	-7.86985986466355	3.21094052434914	-7.46625726044699
SRR5665028	-7.78786649246624	-0.64108617120594	-2.06328857375027	-6.5455713940513	-6.23188767941459	2.22785503315836	-0.18429342300399	-0.850116338919229	-6.83732590051516	2.22860631015429	2.64864490588901	-2.82884442376007	-9.10979458735361	4.64369286745188	1.26177149506894	-8.43721296579133	2.90688290121445	-8.53282487738598	-7.24550581942876	-5.44410533305889	-8.38082178394093	-8.22593618196276	2.38679163684914	0.931675493763226	-9.52749143308294	-10.1584293626045	2.37086731840235	-4.70162321337401	-2.02573502227257	-2.11341083508182	-8.63522588463128	2.73269901299832	-7.47136867426459	-8.55979192498625	-7.90228134235593	-7.96578428466209	-7.7830919871459	3.99347782305077	-4.27229732716276	-6.67964241182779	2.90101553674017	-7.86985986466355	1.9698817160725	-7.46625726044699
SRR5665027	-7.78786649246624	-1.88023215745279	-0.951150032146493	-3.57793927169651	-3.71804661200315	1.80640242897331	-1.73956478521416	-0.368178623769253	-6.83732590051516	-0.405069330187608	3.163735405024	-2.82884442376007	-7.09591287848437	1.18526397540827	0.474752713479546	-8.43721296579133	1.99334466871775	-8.53282487738598	-7.24550581942876	-10.2697904715522	-8.38082178394093	-8.22593618196276	1.61467215689537	2.74958575326504	-3.59788907912009	-10.1584293626045	1.75728785860749	-3.4559301222851	-4.84021583288406	-6.84559825713022	-8.63522588463128	0.739882657855337	0.131918678862567	-1.56383816068555	-6.88172001987361	-6.62379853743347	-5.11979251399751	2.37052142195051	-9.85475297227334	0.538687143377029	3.98872376396688	-2.19475707984337	-4.06467604164757	-7.46625726044699
SRR5665026	-7.78786649246624	-5.29392481641461	-7.41981591555679	-5.0826522690048	0.131378760398544	0.852989600352226	-5.05121976116815	2.39805753264353	-6.83732590051516	1.94008028017569	2.10891581312941	-2.82884442376007	-4.15997593596062	1.61175311908484	-1.25484013008622	-4.82951085481151	1.78012108731209	-3.00531891055954	-7.24550581942876	-10.2697904715522	-8.38082178394093	-8.22593618196276	0.532217201689185	4.0316722038306	1.08722520131978	-10.1584293626045	2.55968758550793	-1.55894153000679	-6.43721296579133	-6.84559825713022	-8.63522588463128	5.29384608019413	-7.47136867426459	-8.55979192498625	-7.90228134235593	0.996815345061022	-7.7830919871459	1.93403709618615	-9.85475297227334	-6.67964241182779	2.21451962690493	-2.1814766179337	-6.78627323439058	-7.46625726044699
SRR5665025	-7.78786649246624	-5.19865920739302	-4.18180387097829	-6.5455713940513	1.6618818255975	2.17858398811061	-3.20064739509463	2.71067310736708	-0.227269752232819	2.5324566084463	1.71631930894021	-2.82884442376007	-1.99533322416847	2.67440415393769	0.456459230026499	-8.43721296579133	0.610596131440099	-8.53282487738598	-7.24550581942876	-7.64674446909955	-8.38082178394093	-8.22593618196276	2.90461704130222	3.62075295587571	-0.694671467960036	-10.1584293626045	0.998751528747936	-1.01054123672532	-3.46801226707202	-6.84559825713022	-8.63522588463128	2.55087112110187	-7.47136867426459	-8.55979192498625	2.46878660930127	0.810879034197816	1.38093442517227	2.42628354316633	-9.85475297227334	-4.28714893683934	4.39540286244913	-3.05901391864995	-6.78627323439058	-7.46625726044699
SRR5665024	-7.78786649246624	-7.73005722482403	-8.41981591555679	-6.5455713940513	-6.23188767941459	-3.68761363503091	-9.41488362001456	-7.56115360044448	-6.83732590051516	-4.83423595493283	-8.00046173629483	-2.82884442376007	-9.10979458735361	-4.35078004302706	-8.15020885579951	-8.43721296579133	-4.32496094007642	-8.53282487738598	-7.24550581942876	-10.2697904715522	6.64385618977472	-8.22593618196276	-4.54590835423989	-7.57897333818987	-9.52749143308294	-10.1584293626045	-4.13568110874205	-9.23026210736555	-7.43721296579133	-6.84559825713022	-8.63522588463128	-7.94075549017056	-7.47136867426459	-8.55979192498625	-7.90228134235593	-7.96578428466209	-7.7830919871459	-8.08411966534174	-9.85475297227334	-6.67964241182779	-6.56866587561951	-7.86985986466355	-6.78627323439058	-7.46625726044699
